801 PROSPECT STREET 4 MUNISING MICHIGAN,46.4021547,-86.6460702
721 WEST SUPERIOR STREET MUNISING MICHIGAN,46.4150605,-86.6640075
899 CYPRESS ALLEGAN MICHIGAN,42.5473125,-85.8505687
4359 108TH ALLEGAN MICHIGAN,42.4770313,-85.9711988
3504 BABYLON ROAD ALLEGAN MICHIGAN,42.5537887,-85.8886967
426 RIVER RD ALLEGAN MICHIGAN,42.5355748,-85.8487134
2598 30TH ALLEGAN MICHIGAN,42.6088591,-85.8437003
2744 32ND ALLEGAN MICHIGAN,42.6187149,-85.8606101
4334 110TH ALLEGAN MICHIGAN,42.4910243,-85.96795039999999
4266 SWAN LAKE DR ALLEGAN MICHIGAN,42.4582911,-85.9612592
95 26TH ALLEGAN MICHIGAN,42.4274235,-85.7938956
1114 44TH ST ALLEGAN MICHIGAN,42.4993007,-85.97508499999999
586 KAYWOOD ALLEGAN MICHIGAN,42.4594616,-85.6494788
2029 36TH ALLEGAN MICHIGAN,42.5656132,-85.8977539
765 26TH ALLEGAN MICHIGAN,42.4781962,-85.7977792
103 GRANT STREET ALLEGAN MICHIGAN,42.5277916,-85.8651268
2428 38TH ALLEGAN MICHIGAN,42.5952093,-85.9196735
44 WESLER DRIVE ALLEGAN MICHIGAN,42.4289832,-85.8659655
1308 JENNINGS COURT ALLEGAN MICHIGAN,42.5151303,-85.8283778
3173 102ND ALLEGAN MICHIGAN,42.4383689,-85.85247500000001
132ND AVENUE ALLEGAN MICHIGAN,42.6531132,-85.81802359999999
189 33RD STREET ALLEGAN MICHIGAN,42.7677827,-86.11585559999999
2611 BASELINE ROAD ALLEGAN MICHIGAN,42.4208295,-85.798284
2611 BASELINE ROAD ALLEGAN MICHIGAN,42.4208295,-85.798284
1206 EAST VILLAGE DRIVE ALLEGAN MICHIGAN,42.5087127,-85.82297969999999
745 GRAND STREET ALLEGAN MICHIGAN,42.5343008,-85.83222350000001
1835 LINCOLN ROAD ALLEGAN MICHIGAN,42.5526604,-85.8875958
400 NORTH MAIN STREET ALLEGAN MICHIGAN,42.5346264,-85.8450836
2346 33RD STREET ALLEGAN MICHIGAN,42.5894904,-85.8700482
103 GRANT STREET ALLEGAN MICHIGAN,42.5277916,-85.8651268
4353 118TH AVENUE ALLEGAN MICHIGAN,42.5550822,-85.97187199999999
540 36TH STREET ALLEGAN MICHIGAN,42.4586911,-85.89607319999999
950 37TH STREET ALLEGAN MICHIGAN,42.4881617,-85.90682509999999
1248 WELLS ROAD ALLEGAN MICHIGAN,42.5095795,-85.8121154
2323 28TH STREET ALLEGAN MICHIGAN,42.5890797,-85.820172
2179 NELSON LANE ALLEGAN MICHIGAN,42.5092485,-85.80927229999999
4009 112TH AVENUE ALLEGAN MICHIGAN,42.50720450000001,-85.93628629999999
2933 108TH AVENUE ALLEGAN MICHIGAN,42.479009,-85.83208239999999
4117 MONROE ROAD ALLEGAN MICHIGAN,42.542496,-85.9461528
228 JAMES STREET ALLEGAN MICHIGAN,42.5267163,-85.8595962
225 RIVERFRONT DRIVE ALLEGAN MICHIGAN,42.5272151,-85.850538
2933 108TH AVENUE ALLEGAN MICHIGAN,42.479009,-85.83208239999999
4359 108TH AVENUE ALLEGAN MICHIGAN,42.4770313,-85.9711988
215 DONALD DRIVE ALLEGAN MICHIGAN,42.4366797,-85.8621333
215 DONALD DRIVE ALLEGAN MICHIGAN,42.4366797,-85.8621333
1739 39th STREET ALLEGAN MICHIGAN,42.5449353,-85.92688539999999
2542 106th Ave ALLEGAN MICHIGAN,42.4639903,-85.79827809999999
3940 24TH STREET DORR MICHIGAN,42.7076852,-85.7835166
2198 BLUESTAR HIGHWAY FENNVILLE MICHIGAN,42.5777486,-86.210409
2346 54TH STREET FENNVILLE MICHIGAN,42.5901728,-86.0759556
1713 51ST STREET FENNVILLE MICHIGAN,42.543937,-86.0435495
5575 113TH AVENUE FENNVILLE MICHIGAN,42.5140307,-86.0886733
131 WESLER DRIVE GOBLES MICHIGAN,42.4289822,-85.8660309
3053 BASELINE ROAD GOBLES MICHIGAN,42.421003,-85.8491944
42ND STREET HAMILTON MICHIGAN,42.6956504,-85.9572389
863 LINCOLN STREET 7 HOLLAND MICHIGAN,42.7656153,-86.09655409999999
287 WEST 40TH STREET B 212 HOLLAND MICHIGAN,42.7615728,-86.1193618
1473 BIG LAKE DRIVE HOPKINS MICHIGAN,42.5625456,-85.6895485
3681 28TH STREET HOPKINS MICHIGAN,42.687202,-85.8199394
920 118TH MARTIN MICHIGAN,42.5520246,-85.62599990000001
1912 PLEASANT VIEW MARTIN MICHIGAN,42.5594546,-85.68535039999999
1200 BLOCK 115TH AVENUE MARTIN MICHIGAN,43.0269556,-83.7000839
1266 JAMES STREET MUSKEGON MICHIGAN,43.2434998,-86.212322
30 16TH S OTSEGO MICHIGAN,42.4233045,-85.7018535
399 OAKS CROSSING OTSEGO MICHIGAN,42.4488238,-85.6680995
1007 19TH OTSEGO MICHIGAN,42.49446870000001,-85.728861
571 LINCOLN OTSEGO MICHIGAN,42.4604174,-85.72996549999999
349 S. 16TH OTSEGO MICHIGAN,42.4473178,-85.6981005
424 MORELL OTSEGO MICHIGAN,42.4557378,-85.6902254
1866 116TH OTSEGO MICHIGAN,42.5366296,-85.7264932
325 HERITAGE LANE OTSEGO MICHIGAN,42.4441952,-85.67698209999999
571 LINCOLN ROAD OTSEGO MICHIGAN,42.4604174,-85.72996549999999
460 21ST OTSEGO MICHIGAN,42.45469850000001,-85.7385015
512 LAWRENCE STREET OTSEGO MICHIGAN,42.4499541,-85.6886452
113 SOUTH FAIR STREET OTSEGO MICHIGAN,42.459668,-85.6955878
538 EAST HAMMOND STREET OTSEGO MICHIGAN,42.4537551,-85.6879493
1362 EAST M89 LOT 103 OTSEGO MICHIGAN,42.45012560000001,-85.67839939999999
982 16TH STREET OTSEGO MICHIGAN,42.4836378,-85.7010296
2004 112TH STREET OTSEGO MICHIGAN,42.5082937,-85.7428197
347 LINCOLN STREET OTSEGO MICHIGAN,42.4559554,-85.7041864
1362 M-89 HIGHWAY 112 OTSEGO MICHIGAN,42.45012560000001,-85.67839939999999
337 LINCOLN STREET OTSEGO MICHIGAN,42.45596339999999,-85.7037366
305 RIVERVIEW DR PLAINWELL MICHIGAN,42.4242142,-85.57262510000001
722 BRITTANY PLAINWELL MICHIGAN,42.4732283,-85.6397255
305 RIVERVIEW DR PLAINWELL MICHIGAN,42.4242142,-85.57262510000001
12728 BONIFACE PT PLAINWELL MICHIGAN,42.4956979,-85.5382999
305 RIVERVIEW DR PLAINWELL MICHIGAN,42.4242142,-85.57262510000001
722 BRITTANY ST PLAINWELL MICHIGAN,42.4732283,-85.6397255
982 RICHELIEU PLAINWELL MICHIGAN,42.4707835,-85.639399
1232 KEITH ST PLAINWELL MICHIGAN,42.4486137,-85.6647563
1044 MARSH ROAD PLAINWELL MICHIGAN,42.4981174,-85.55731709999999
497 RIVERVIEW PLAINWELL MICHIGAN,42.4294218,-85.5927419
147 SOUTH SHERWOOD STREET PLAINWELL MICHIGAN,42.4418642,-85.633969
947 RICHELIEU PLAINWELL MICHIGAN,42.4694536,-85.6386321
674 WEST BRIDGE STREET PLAINWELL MICHIGAN,42.4432045,-85.65467559999999
14895 SOUTH DOSTER ROAD PLAINWELL MICHIGAN,42.4375478,-85.5415202
227 ROBIN STREET PLAINWELL MICHIGAN,42.4406083,-85.6580104
5531 104TH ST PULLMAN MICHIGAN,42.4477453,-86.0841662
102ND AVENUE PULLMAN MICHIGAN,42.4336083,-85.9619312
551 56TH STREET PULLMAN MICHIGAN,42.45872809999999,-86.0903064
963 52 STREET PULLMAN MICHIGAN,42.48909279999999,-86.0517866
545 55TH STREET PULLMAN MICHIGAN,42.4581171,-86.07993180000001
122ND AVENUE SHELBYVILLE MICHIGAN,42.58146430000001,-85.589245
7TH STREET SHELBYVILLE MICHIGAN,42.5943243,-85.61250720000001
187 66TH STREET SOUTH HAVEN MICHIGAN,42.4324405,-86.18635069999999
416 131ST STREET WAYLAND MICHIGAN,42.6440666,-85.58571859999999
3539 7TH STREET WAYLAND MICHIGAN,42.6772301,-85.6120725
3607 GARDEN STREET WAYLAND MICHIGAN,42.6818823,-85.646221
1123 129th Ave WAYLAND MICHIGAN,42.6315529,-85.6555266
4440 128th Ave. ALLEGAN MICHIGAN,42.6261782,-85.9803131
201 SOUTH 12TH AVENUE 1 ALPENA MICHIGAN,45.0712953,-83.44610709999999
226 E crapo STREET ALPENA MICHIGAN,45.0533067,-83.44483989999999
1205 W washington AVENUE ALPENA MICHIGAN,45.0599159,-83.45756879999999
2255 Long Lake Park Rd ALPENA MICHIGAN,45.1966453,-83.4469043
724 S 8th Ave ALPENA MICHIGAN,45.0639055,-83.44699109999999
2249 2nd STREET LACHINE MICHIGAN,45.0768527,-83.7190483
9548 Piper Rd OSSINEKE MICHIGAN,44.9349199,-83.4468528
627 N 3rd TERRACE LANSE MICHIGAN,46.7643896,-88.44416079999999
8020 DAY ROAD BELLEVUE MICHIGAN,42.4377615,-85.13080029999999
3231 CLOVERDALE RD CLOVERDALE MICHIGAN,42.5430933,-85.40325949999999
7495 CEDAR CREEK RD DELTON MICHIGAN,42.5441019,-85.3274737
6305 TIGERLILY DELTON MICHIGAN,42.5617998,-85.48796209999999
6491 LINDSEY RD DELTON MICHIGAN,42.5595193,-85.5051579
10995 SHELP LAKE DR DELTON MICHIGAN,42.5070218,-85.50392920000002
6305 TIGER LILY DR DELTON MICHIGAN,42.5617998,-85.48796209999999
11922 COBB ROAD DELTON MICHIGAN,42.4787392,-85.3445757
7757 GUERNSEY LAKE ROAD DELTON MICHIGAN,42.5430405,-85.4420056
6425 KELLER ROAD DELTON MICHIGAN,42.5585238,-85.41432569999999
4067 SOUTH SHORE DRIVE DELTON MICHIGAN,42.5566514,-85.3674877
11492 SPRAGUE ROAD DELTON MICHIGAN,42.4855508,-85.42035980000001
11175 EAST SHORE ROAD DELTON MICHIGAN,42.4898454,-85.41659609999999
8558 GURD RD DOWLING MICHIGAN,42.528836,-85.3184601
2940 LAWRENCE RD HASTINGS MICHIGAN,42.5657441,-85.23290829999999
1295 STARR SCHOOL RD HASTINGS MICHIGAN,42.6371612,-85.2703392
302 THORN E ST HASTINGS MICHIGAN,42.6512828,-85.2844359
3846 SOUTH M-43 HIGHWAY HASTINGS MICHIGAN,42.5968028,-85.35491850000001
420 EAST MADISON STREET HASTINGS MICHIGAN,42.6421498,-85.28231629999999
1607 EAST DOWLING ROAD HASTINGS MICHIGAN,42.5227261,-85.25612919999999
1966 YECKLEY ROAD HASTINGS MICHIGAN,42.6301818,-85.32639259999999
317 EAST STATE STREET HASTINGS MICHIGAN,42.64892529999999,-85.28378099999999
602 EAST GREEN STREET HASTINGS MICHIGAN,42.6458309,-85.2799057
55 SUNDAGO PARK HASTINGS MICHIGAN,42.62380659999999,-85.1960588
210 NORTH PARK STREET HASTINGS MICHIGAN,42.6499859,-85.2924355
317 EAST BOND STREET HASTINGS MICHIGAN,42.64346310000001,-85.2838262
403 SOUTH JEFFERSON STREET HASTINGS MICHIGAN,42.6458915,-85.287551
15467 RICH LANE HICKORY CORNERS MICHIGAN,42.4281503,-85.4399837
14565 KELLOGG SCHOOL ROAD HICKORY CORNERS MICHIGAN,42.4410861,-85.3760526
201 LINCOLN STREET MIDDLEVILLE MICHIGAN,42.7173549,-85.46086939999999
107 NORTH MAIN STREET NASHVILLE MICHIGAN,42.603735,-85.0935197
409 LENTZ STREET NASHVILLE MICHIGAN,42.6065592,-85.0864656
844 SHERMAN NASHVILLE MICHIGAN,42.6030785,-85.08062989999999
11545 W KINSEL HIGHWAY NASHVILLE MICHIGAN,42.596038,-85.06430019999999
11321 9 MILE ROAD PLAINWELL MICHIGAN,42.549177,-85.5099484
11321 9 MILE ROAD PLAINWELL MICHIGAN,42.549177,-85.5099484
12372 SUNSET CIRCLE PLAINWELL MICHIGAN,42.4878039,-85.5310828
11604 PEACH TREE STREET PLAINWELL MICHIGAN,42.4995751,-85.5369889
6583 BOULTER RD SHELBYVILLE MICHIGAN,42.55843369999999,-85.51867469999999
7120 MARSH RD SHELBYVILLE MICHIGAN,42.55218199999999,-85.5189934
4268 WEST JOY ROAD SHELBYVILLE MICHIGAN,42.59176069999999,-85.54033489999999
129924 RISON DRIVE WAYLAND MICHIGAN,42.63642060000001,-85.54156619999999
1003 FLORENCE E ST 2 BAY CITY MICHIGAN,43.6077448,-83.895522
4059 DAYBROOK DRIVE BAY CITY MICHIGAN,43.6222113,-83.9195616
4 SEASONS ROAD BENZONIA MICHIGAN,44.59139529999999,-86.0915548
5626 THOMPSONVILLE S RD THOMPSONVILLE MICHIGAN,44.5474247,-85.9381368
5660 THOMPSONVILLE S RD THOMPSONVILLE MICHIGAN,44.5468976,-85.9381143
478 GARY AVE BENTON HARBOR MICHIGAN,42.080087,-86.46479099999999
3398 RIVERSIDE ROAD BENTON HARBOR MICHIGAN,42.1734269,-86.388803
438 MILLBURG DRIVE BENTON HARBOR MICHIGAN,42.11557699999999,-86.33527699999999
2699 SOUTH M-139 HIGHWAY 140 BENTON HARBOR MICHIGAN,42.070769,-86.43457599999999
4739 NORTH STREET BENTON HARBOR MICHIGAN,42.1237894,-86.34256180000001
2390 EAST EUCLID AVENUE BENTON HARBOR MICHIGAN,42.14299,-86.40113300000002
2026 HATCH STREET BENTON HARBOR MICHIGAN,42.133331,-86.410862
573 MIDWAY 2 BENTON HARBOR MICHIGAN,42.1241087,-86.418697
846 N BENTON CENTER ROAD BENTON HARBOR MICHIGAN,42.129703,-86.3811659
9240 JERICHO RD BRIDGMAN MICHIGAN,41.951243,-86.53411799999999
803 NORTH RED BUD TRAIL BUCHANAN MICHIGAN,41.8354641,-86.35816659999999
609 WEST 4TH STREET 28 BUCHANAN MICHIGAN,41.8323842,-86.3746544
2980 OAK FOREST ROAD BUCHANAN MICHIGAN,41.767616,-86.38802129999999
406 WEST ROE STREET BUCHANAN MICHIGAN,41.8260683,-86.3692015
1005 VICTORY STREET BUCHANAN MICHIGAN,41.837509,-86.355724
105 FULTON BUCHANAN MICHIGAN,41.835256,-86.36067100000001
5632 JILL ANNE DRIVE COLOMA MICHIGAN,42.173361,-86.32175699999999
4241 EAST THAR ROAD COLOMA MICHIGAN,42.2012069,-86.355694
5394 PAW PAW LAKE ROAD COLOMA MICHIGAN,42.208381,-86.2871977
5949 NORTH COLOMA ROAD COLOMA MICHIGAN,42.21967129999999,-86.29889209999999
7180 ARIES LANE COLOMA MICHIGAN,42.2416422,-86.3580955
7142 ARIES LANE COLOMA MICHIGAN,42.2412942,-86.3584802
6275 CENTRAL AVENUE 3 COLOMA MICHIGAN,42.225911,-86.37397299999999
6220 APPLE STREET EAU CLAIRE MICHIGAN,41.986295,-86.30642700000001
5534 PARKWAY DRIVE EAU CLAIRE MICHIGAN,42.075959,-86.32398099999999
5582 TOUSLEY DRIVE EAU CLAIRE MICHIGAN,42.07686899999999,-86.322845
7076 BEAVER DRIVE EAU CLAIRE MICHIGAN,41.984889,-86.2867179
1010 FERRY STREET NILES MICHIGAN,41.8314752,-86.24738769999999
1027 HERBERT NILES MICHIGAN,41.8173938,-86.2278647
301 17TH STREET C NILES MICHIGAN,41.830722,-86.2342369
902 OAK STREET NILES MICHIGAN,41.8267237,-86.2490207
904 SYCAMORE STREET NILES MICHIGAN,41.8305531,-86.2488937
1101.5 CEDAR STREET NILES MICHIGAN,41.8288637,-86.24648409999999
1610 N 5TH STREET NILES MICHIGAN,41.8435739,-86.2511057
1610 N 5TH STREET NILES MICHIGAN,41.8435739,-86.2511057
3156 DETROIT ROAD NILES MICHIGAN,41.8539441,-86.12918599999999
2328 DR EMERALD NILES MICHIGAN,41.7836489,-86.24300889999999
819 HIGHLAND AVENUE SAINT JOSEPH MICHIGAN,42.0856404,-86.4835246
3101 RIVER RD 09 SODUS MICHIGAN,42.0609506,-86.3983542
604 WEST JOHN BEERS ROAD STEVENSVILLE MICHIGAN,42.0110413,-86.46807609999999
5355 M-140 N WATERVLIET MICHIGAN,42.20752299999999,-86.244556
273 WEST SOUTHERN ROAD BRONSON MICHIGAN,41.781265,-85.09250569999999
1167 HOLLOW ROAD BRONSON MICHIGAN,41.8662165,-85.26435049999999
529 WEST CHICAGO ROAD BRONSON MICHIGAN,41.8938949,-85.1428182
602 SOUTH PARHAM ROAD BRONSON MICHIGAN,41.8250558,-85.16500309999999
438 NORTH WALKER STREET BRONSON MICHIGAN,41.8762722,-85.19631439999999
216 BUCAHANON STREET BRONSON MICHIGAN,41.8748376,-85.19340179999999
216 BUCAHANON STREET BRONSON MICHIGAN,41.8748376,-85.19340179999999
1163 HOLLOW ROAD BRONSON MICHIGAN,41.8668349,-85.263336
343 PARADINE RD ` COLDWATER MICHIGAN,41.8511382,-85.01211239999999
125 EAST WASHINGTON STREET COLDWATER MICHIGAN,41.9373561,-84.99629829999999
57 DIVISION STREET COLDWATER MICHIGAN,41.9384839,-85.0009197
196 NORTH ANGOLA ROAD 2 COLDWATER MICHIGAN,41.9122798,-85.0057461
647 JONESVILLE ROAD COLDWATER MICHIGAN,41.98515130000001,-84.9524627
89 SMITH STREET COLDWATER MICHIGAN,41.9451071,-84.9919305
382 NORTH FREMONT ROAD COLDWATER MICHIGAN,41.9371144,-84.9322818
247 EAST WASHINGTON STREET COLDWATER MICHIGAN,41.9366347,-84.99162179999999
200 EAST GARFIELD ROAD 232 COLDWATER MICHIGAN,41.9271849,-85.039546
243 WEST CHICAGO STREET 2 COLDWATER MICHIGAN,41.9420795,-85.011208
30 PINE TREE LANE G COLDWATER MICHIGAN,41.9352705,-84.9856988
204 HENRY STREET COLDWATER MICHIGAN,41.9445079,-85.0156714
134 WEST COLON ROAD B COLDWATER MICHIGAN,41.9435906,-85.06583359999999
156 WEST CLARKE AVENUE COLDWATER MICHIGAN,41.9519846,-85.00696529999999
531 ROCKY RIDGE DRIVE COLDWATER MICHIGAN,41.7809596,-84.9728639
330 S MICHIGAN AVENUE COLDWATER MICHIGAN,41.9292393,-84.97644059999999
675 JO JO LANE COLDWATER MICHIGAN,41.8142607,-84.9590881
196 n. angola rd. COLDWATER MICHIGAN,41.9122798,-85.0057461
938 HEIGHTS DRIVE COLON MICHIGAN,42.0136017,-85.2764481
1057 PAUL RD MONTGOMERY MICHIGAN,41.7814455,-84.87281010000001
202 SOUTH MAIN STREET MONTGOMERY MICHIGAN,41.7761364,-84.8042102
1045 GROVE RD QUINCY MICHIGAN,41.8341766,-84.87296049999999
2580 PIERCE ROAD QUINCY MICHIGAN,41.88923339999999,-84.8165044
563 SOUTH RAY QUINCY ROAD QUINCY MICHIGAN,41.8325099,-84.88040459999999
1004 ANNIN ROAD QUINCY MICHIGAN,42.0371472,-84.8837726
420 RIDGE ROAD QUINCY MICHIGAN,41.9425361,-84.9127287
363 CHIPPEWA CIRCLE SHERWOOD MICHIGAN,42.0545859,-85.2576826
849 VOGEL DRIVE SHERWOOD MICHIGAN,42.00984330000001,-85.2566763
360 CHIPPEWA CIRCLE DRIVE SHERWOOD MICHIGAN,42.65716949999999,-82.9192145
1022 DUNKS ROAD SHERWOOD MICHIGAN,42.0305128,-85.2080896
862 VAN WARMER ROAD SHERWOOD MICHIGAN,42.0068473,-85.20034170000001
1169 NORTH MARSHALL TEKONSHA MICHIGAN,42.0495106,-85.00115679999999
494 HERRICKSVILL E TEKONSHA MICHIGAN,42.0585042,-84.9831834
2015 TACOMA DR UNION CITY MICHIGAN,42.0430339,-85.18985649999999
213 CREEK ROAD UNION CITY MICHIGAN,42.0131434,-85.0824167
834 IRWIN AVENUE ALBION MICHIGAN,42.2375526,-84.76846259999999
304 AVENUE A S ATHENS MICHIGAN,42.0864519,-85.2340672
194 N Wabash AVENUE BATTLE CREEK MICHIGAN,42.3298332,-85.1652797
189 SWEDISH ST BATTLE CREEK MICHIGAN,42.35869599999999,-85.2364092
596 WESTBROOK BATTLE CREEK MICHIGAN,42.3246164,-85.12820479999999
51 MOTT STREET BATTLE CREEK MICHIGAN,42.3101999,-85.16962099999999
51 MOTT BATTLE CREEK MICHIGAN,42.3101999,-85.16962099999999
5533 EAST PARADISE ROAD BATTLE CREEK MICHIGAN,42.2293061,-85.1909577
274 BORDEN DRIVE BATTLE CREEK MICHIGAN,42.3440599,-85.17146400000001
925 NORTHEAST CAPITAL AVENUE BATTLE CREEK MICHIGAN,42.3350452,-85.15566830000002
135 KELWOOD BATTLE CREEK MICHIGAN,42.2942676,-85.2158438
100 FOSTER AVENUE BATTLE CREEK MICHIGAN,42.3036722,-85.20377649999999
319 NEWTOWN AVENUE BATTLE CREEK MICHIGAN,42.2791789,-85.2839758
133 ELDRED STREET BATTLE CREEK MICHIGAN,42.3081184,-85.2028418
200 SUMMER STREET BATTLE CREEK MICHIGAN,42.30577539999999,-85.2087265
131 N BROADWAY BOULEVARD BATTLE CREEK MICHIGAN,42.3516039,-85.2412118
77 MILLER STREET BATTLE CREEK MICHIGAN,42.3474183,-85.2327408
25 TAYLOR AVENUE BATTLE CREEK MICHIGAN,42.3539152,-85.2311208
220 LAUREL DRIVE BATTLE CREEK MICHIGAN,42.3327189,-85.164312
23 KELLOGG STREET BATTLE CREEK MICHIGAN,42.3519977,-85.2310498
113 N WABASH STREET BATTLE CREEK MICHIGAN,42.3274599,-85.1657135
53 MARJORIE STREET BATTLE CREEK MICHIGAN,42.30774050000001,-85.1614027
56 TRAVERSE STREET BATTLE CREEK MICHIGAN,42.3247557,-85.15944119999999
743 VANBUREN STREET BATTLE CREEK MICHIGAN,42.3312517,-85.2085005
131 N broadway BOULEVARD BATTLE CREEK MICHIGAN,42.3516039,-85.2412118
24 Magnolia AVENUE BATTLE CREEK MICHIGAN,42.3261273,-85.1582996
107 Lathrop AVENUE BATTLE CREEK MICHIGAN,42.3083625,-85.1672707
336 country club BOULEVARD BATTLE CREEK MICHIGAN,42.2829381,-85.1925783
8229 M S DR BURLINGTON MICHIGAN,42.15698949999999,-85.1331738
1977 S DR S FULTON MICHIGAN,42.1136342,-85.25571459999999
430 BYRON S ST 130 HOMER MICHIGAN,42.1412783,-84.7997252
315 WEST EVERETT STREET HOMER MICHIGAN,42.14409149999999,-84.8126405
430 S BYRON STREET HOMER MICHIGAN,42.1412783,-84.7997252
25560 m-60 hwy HOMER MICHIGAN,42.1505757,-84.7920767
254 REYNOLDS ROAD SPRINGFIELD MICHIGAN,42.3141899,-85.21578869999999
463 NORTH 25TH STREET SPRINGFIELD MICHIGAN,42.3262039,-85.2257432
463 NORTH 25TH STREET SPRINGFIELD MICHIGAN,42.3262039,-85.2257432
221 KIRKWOOD AVENUE SPRINGFIELD MICHIGAN,42.3130464,-85.2282333
1145 HARMONIA ROAD LOT#30 SPRINGFIELD MICHIGAN,42.3325877,-85.24566879999999
2229 19 1/2 MILE RD TEKONSHA MICHIGAN,42.10709809999999,-84.9102822
1169 MARSHALL ROAD TEKONSHA MICHIGAN,42.0495106,-85.00115679999999
300 TURTLE LAKE ROAD UNION CITY MICHIGAN,42.1142944,-85.1235525
536 10 1/2 MILE ROAD UNION CITY MICHIGAN,42.0803527,-85.09863380000002
19866 CHAIN LAKE ST CASSOPOLIS MICHIGAN,41.8613158,-85.9508862
20151 BULHAND ROAD CASSOPOLIS MICHIGAN,41.8323763,-85.9830075
19124 NORTHROP STREET CASSOPOLIS MICHIGAN,41.86822739999999,-85.9365139
65668 BRICK CHURCH ROAD CASSOPOLIS MICHIGAN,41.8444783,-86.006061
127 N OKEEFE STREET CASSOPOLIS MICHIGAN,41.912991,-86.0103123
19622 Calvin Hill St CASSOPOLIS MICHIGAN,41.8325113,-85.94525530000001
24218 MAIN W ST DOWAGIAC MICHIGAN,42.0553553,-86.0351898
54018 M 51 N DOWAGIAC MICHIGAN,42.01314379999999,-86.10749369999999
25259 70TH STREET DOWAGIAC MICHIGAN,42.028419,-86.05486549999999
62296 ANDERSON ROAD DOWAGIAC MICHIGAN,41.8941767,-86.12732820000001
305 WOODEN AVENUE DOWAGIAC MICHIGAN,41.9860447,-86.1229814
210 SOUTH PAUL STREET DOWAGIAC MICHIGAN,41.98193819999999,-86.1222966
520 MAIN STREET DOWAGIAC MICHIGAN,41.9844471,-86.1149057
206 THIRD AVENUE DOWAGIAC MICHIGAN,41.9742977,-86.10916429999999
52698 LINDBERG DRIVE DOWAGIAC MICHIGAN,42.03100999999999,-86.0530686
N 509 1/2 FRONT STREET DOWAGIAC MICHIGAN,41.9904457,-86.10799879999999
318 E Division STREET DOWAGIAC MICHIGAN,41.9835181,-86.1032139
420 E Railroad STREET DOWAGIAC MICHIGAN,41.989619,-86.09964959999999
26939 Corwin DOWAGIAC MICHIGAN,42.0631682,-86.084828
19311 US 12 LOT 38 EDWARDSBURG MICHIGAN,41.7688717,-85.941537
68782 CLAIRE STREET EDWARDSBURG MICHIGAN,41.7996637,-86.0925437
17476 STARBRICK STREET EDWARDSBURG MICHIGAN,41.7812338,-85.9061851
69369 CASSOPOLIS ROAD EDWARDSBURG MICHIGAN,41.7929479,-85.9735003
27532 MAY STREET EDWARDSBURG MICHIGAN,41.7823809,-86.0987816
26967 US 12 EDWARDSBURG MICHIGAN,41.797292,-86.0874247
10838 BORN ST JONES MICHIGAN,41.9256383,-85.777008
14251 EAST CHAPEL HILL STREET JONES MICHIGAN,41.8092848,-85.84301909999999
10425 WOLFE STREET MARCELLUS MICHIGAN,42.0412364,-85.76923479999999
55234 DAY RD MARCELLUS MICHIGAN,41.99461489999999,-85.7418711
393 EAST MAIN STREET MARCELLUS MICHIGAN,42.0272347,-85.8084858
50346 SHELDON CREEK ROAD MARCELLUS MICHIGAN,42.0639312,-85.78006230000001
13784 WATERSTRADT STREET MARCELLUS MICHIGAN,41.998073,-85.8342985
16924 FINCH ROAD MARCELLUS MICHIGAN,42.0441316,-85.8863626
19175 CHURCH STREET MARCELLUS MICHIGAN,42.0123572,-85.93802110000001
2658 ALANE COURT NILES MICHIGAN,41.85804539999999,-86.1800253
61001 INDIAN LAKE ROAD NILES MICHIGAN,41.9130689,-86.20717499999999
29112 FOLLMER STREET NILES MICHIGAN,41.7968641,-86.1376386
69611 SUNSET BOULEVARD 1 UNION MICHIGAN,41.78898299999999,-85.8237645
69728 UNION STREET UNION MICHIGAN,41.7837352,-85.8674671
61482 DONALD ROAD VANDALIA MICHIGAN,41.9046168,-85.8952284
18016 WOOD STREET VANDALIA MICHIGAN,41.9160964,-85.915551
16819 WILLIAMSVILLE STREET VANDALIA MICHIGAN,41.8695922,-85.86675319999999
16340 DUTCH SETTLEMENT STREET VANDALIA MICHIGAN,41.98421829999999,-85.8831713
76063 SOUTH RIVER ROAD WHITE PIGEON MICHIGAN,41.7592443,-85.79580820000001
1127 MACKINAW AVENUE CHEBOYGAN MICHIGAN,45.65267129999999,-84.4839039
5844 MAPLE STREET WOLVERINE MICHIGAN,45.2743309,-84.60672900000002
2309 ANDARY AVENIDA SAULT STE MARIE MICHIGAN,46.4864305,-84.4063939
2169 W 10 Mile Rd DAFTER MICHIGAN,46.360262,-84.4022253
128 EAST 4TH STREET CLARE MICHIGAN,43.8186319,-84.7674868
3845 LAPHAM ROAD HARRISON MICHIGAN,44.0418894,-84.8194905
2805 HAYES ROAD HARRISON MICHIGAN,44.0301053,-84.73004879999999
7486 EAST TOWNLINE LAKE ROAD HARRISON MICHIGAN,44.0320639,-84.7009375
1970 JILL-JANET ROAD HARRISON MICHIGAN,44.056601,-84.8084398
3007 Lockwood St HARRISON MICHIGAN,44.0023637,-84.7850019
362 Shappell Dr HARRISON MICHIGAN,44.1018583,-84.7693474
8085 MCKINLEY AVENUE LAKE MICHIGAN,44.0236212,-85.40464449999999
2702 Lindaven Drive LAKE MICHIGAN,43.9481437,-84.9814068
12655 WEST GRAND RIVER EAGLE MICHIGAN,42.8043716,-84.7732908
1505 NORTH ST. CLAIR ROAD OVID MICHIGAN,43.0081922,-84.44527579999999
609 MORTON STREET LOT16 SAINT JOHNS MICHIGAN,42.9941103,-84.56598869999999
410 WIGHT STREET 3 SAINT JOHNS MICHIGAN,42.9973627,-84.55749519999999
605 STATE STREET SAINT JOHNS MICHIGAN,43.00134509999999,-84.5659423
5087 W CENTERLINE ROAD SAINT JOHNS MICHIGAN,42.94302649999999,-84.6240761
501 PEWABIC STREET IRON MOUNTAIN MICHIGAN,45.8275618,-88.0542439
703 WEST BROWN STREET IRON MOUNTAIN MICHIGAN,45.8213149,-88.0750434
712 CLINTON S ST CHARLOTTE MICHIGAN,42.5526868,-84.8400453
833 5 POINT W HWY CHARLOTTE MICHIGAN,42.5092752,-84.852302
402 WEST STODDARD STREET CHARLOTTE MICHIGAN,42.56673410000001,-84.8399386
3338 CARLISLE HIGHWAY CHARLOTTE MICHIGAN,42.5541273,-84.9019022
421 MERRITT STREET G CHARLOTTE MICHIGAN,42.5574884,-84.8265864
4208 SOUTH STINE ROAD CHARLOTTE MICHIGAN,42.5064404,-84.8955127
228 VAN LIEU STREET CHARLOTTE MICHIGAN,42.5614594,-84.85023129999999
221 WEST HENRY STREET CHARLOTTE MICHIGAN,42.5584247,-84.8382493
437 N SHELDON STREET CHARLOTTE MICHIGAN,42.5694401,-84.83881339999999
407 W HARRIS AVENUE CHARLOTTE MICHIGAN,42.5646875,-84.8398807
1263 STEWART ROAD CHARLOTTE MICHIGAN,42.54931630000001,-84.76760589999999
633 Prairie STREET CHARLOTTE MICHIGAN,42.5544641,-84.8295106
211 E HENRY STREET CHARLOTTE MICHIGAN,42.5588485,-84.83374700000002
8745 JUSTONIAN WAY DIMONDALE MICHIGAN,42.6594736,-84.66607189999999
159 hawthorne DRIVE DIMONDALE MICHIGAN,42.662047,-84.66377279999999
8230 SPICERVILLE E HWY EATON RAPIDS MICHIGAN,42.4938696,-84.6758414
8023 SPICERVILLE HIGHWAY EATON RAPIDS MICHIGAN,42.4944329,-84.6794347
521 CHANTICLEER CIRCLE LANSING MICHIGAN,42.7281458,-84.6278743
7077 WILLIAMS ROAD LANSING MICHIGAN,42.6702309,-84.6230763
190 A & B CHARLOTTE A MULLIKEN MICHIGAN,30.8587039,-95.74824819999999
3807 W Bellevue HIGHWAY OLIVET MICHIGAN,42.4512411,-84.9131712
2705 EAST BUTTERFIELD SPRINGPORT MICHIGAN,42.4363041,-84.7835046
2705 EAST BUTTERFIELD SPRINGPORT MICHIGAN,42.4363041,-84.7835046
875 LINDEN STREET VERMONTVILLE MICHIGAN,42.6175473,-85.0278328
10320 WEST VERMONTVILLE HIGHWAY VERMONTVILLE MICHIGAN,42.6310487,-85.0448179
135 WATTS BATTLE CREEK MICHIGAN,42.3089777,-85.13157199999999
1317 CRESTVIEW STREET APT 30 PETOSKEY MICHIGAN,45.3629166,-84.9672861
4155 FENTON ROAD 24 BURTON MICHIGAN,42.969789,-83.6927334
1450 WELLS STREET BURTON MICHIGAN,42.9785936,-83.6761385
2050 E MCLEAN AVENUE BURTON MICHIGAN,42.9691763,-83.6706736
3055 KLEINPELL STREET BURTON MICHIGAN,42.987733,-83.646181
4153 Columbine AVENUE BURTON MICHIGAN,42.9703379,-83.66567429999999
2107 brady AVENUE BURTON MICHIGAN,42.9660124,-83.66853929999999
7061 VIENNA W RD 31 CLIO MICHIGAN,43.1770877,-83.8164735
7318 RIVER ROCK DAVISON MICHIGAN,43.0379461,-83.5659522
1151 WEST PRINCETON AVENUE FLINT MICHIGAN,43.0855311,-83.6997846
1549 EAST ATHERTON STREET FLINT MICHIGAN,42.989569,-83.649956
3030 EAST HEMPHILL 209 FLINT MICHIGAN,42.9818996,-83.6727873
338 ALLENDALE PLACE FLINT MICHIGAN,43.0122855,-83.7270715
2701 BRANCH STREET 118 FLINT MICHIGAN,43.039548,-83.65218399999999
5130 EAST BOULEVARD ROAD FLINT MICHIGAN,43.0617688,-83.6600802
1369 WEST PRINCETON AVENIDA FLINT MICHIGAN,43.0854451,-83.7079765
2477 HAETHERLY AVENUE FLINT MICHIGAN,43.0229298,-83.7306598
3249 DAKOTA AVENUE FLINT MICHIGAN,43.0418149,-83.64582999999999
1577 COACHLIGHT COURT FLINT MICHIGAN,43.0045233,-83.7591126
2730 EPISOLN TRAIL FLINT MICHIGAN,43.0591052,-83.6551892
1348 W GENESEE AVENUE FLINT MICHIGAN,43.0824673,-83.7072209
937 S BALLENGER ROAD FLINT MICHIGAN,43.005833,-83.7330308
2010 THOM FLINT MICHIGAN,43.04332000000001,-83.663696
937 S BALLENGER HIGHWAY FLINT MICHIGAN,43.005833,-83.7330308
3738 PITKIN FLINT MICHIGAN,43.03076859999999,-83.638573
1025 Darling STREET FLINT MICHIGAN,43.0037264,-83.73682749999999
1425 Waldman AVENUE FLINT MICHIGAN,42.9888908,-83.6997688
1707 E atherton ROAD FLINT MICHIGAN,42.989534,-83.6461631
1056 E BRISTOL ROAD FLINT MICHIGAN,42.9738481,-83.6906447
1814 Jane STREET FLINT MICHIGAN,43.0373126,-83.6659
1726 Missouri Ave FLINT MICHIGAN,43.0284891,-83.6666608
1514 N Lynch St FLINT MICHIGAN,43.0306923,-83.6594643
1905 Kansas Ave FLINT MICHIGAN,43.0266807,-83.6645501
6481 Estrelle AVENUE MOUNT MORRIS MICHIGAN,43.1034399,-83.6972284
4148 W 54TH STREET MOUNT MORRIS MICHIGAN,43.1079177,-83.7600664
7010 N LEWIS ROAD MOUNT MORRIS MICHIGAN,43.10544720000001,-83.67660649999999
11009 S SAGINAW MOUNT MORRIS MICHIGAN,43.1120594,-83.6946713
6452 LEWIS ROAD MOUNT MORRIS MICHIGAN,43.1029037,-83.6765757
G5360 Detroit STREET MOUNT MORRIS MICHIGAN,43.104769,-83.70799410000001
110 WEST KNOX STREET 403 BEAVERTON MICHIGAN,43.8811322,-84.48441129999999
3942 McCullum Rd BEAVERTON MICHIGAN,43.87345740000001,-84.3264519
435 CEDAR E AVE GLADWIN MICHIGAN,43.980829,-84.4822607
5276 ROSE LANE GLADWIN MICHIGAN,44.0962867,-84.3184176
1020 MCCLURE ROAD GLADWIN MICHIGAN,44.03795780000001,-84.4079203
719 FLORENCE IRONWOOD MICHIGAN,46.4638031,-90.159168
228 WEST AYER STREET 1 IRONWOOD MICHIGAN,46.4532551,-90.1732935
229 SOUTH MANSFIELD STREET UPPER IRONWOOD MICHIGAN,46.4544225,-90.1638506
114 S MANSFIELD STREET IRONWOOD MICHIGAN,46.4565876,-90.1631814
804 SOUTH UNION STREET ERSE TRAVERSE CITY MICHIGAN,44.76385639999999,-85.63694240000001
2421 NORTH ELY HIGHWAY ALMA MICHIGAN,43.3257582,-84.701021
221 SOUTH STREET ITHACA MICHIGAN,43.2891937,-84.60429359999999
221 E SOUTH STREET ITHACA MICHIGAN,43.2891937,-84.60429359999999
4313 WEST BIRMINGHAM ROAD LANSING MICHIGAN,43.0268969,-84.4400647
1312 WEST MADISON ROAD SAINT LOUIS MICHIGAN,43.422316,-84.63318319999999
210 SOUTH LINCOLN STREET SAINT LOUIS MICHIGAN,43.4059682,-84.6014386
303 DEVON DRIVE SAINT LOUIS MICHIGAN,43.4053976,-84.6218786
302 SOUTH DELAWARE STREET C SAINT LOUIS MICHIGAN,43.4049689,-84.612412
1623 HARMON ROAD CAMDEN MICHIGAN,41.7379538,-84.6432174
9800 MAPLE ROAD CAMDEN MICHIGAN,41.72294970000001,-84.79629369999999
8501 ALVORD ROAD CAMDEN MICHIGAN,41.7608069,-84.7772911
1711 EAST READING ROAD HILLSDALE MICHIGAN,41.8390945,-84.6174674
1100 LILAC ROAD HILLSDALE MICHIGAN,41.8227992,-84.6341463
138 MARION STREET HILLSDALE MICHIGAN,41.9236773,-84.6178266
4032 PLEASANT STREET HILLSDALE MICHIGAN,41.8668406,-84.673029
1100 S CRONK ROAD HILLSDALE MICHIGAN,41.9111333,-84.7313155
205 E WEST STREET HILLSDALE MICHIGAN,41.9083906,-84.6351256
1911 EAST GOOSE LAKE ROAD JONESVILLE MICHIGAN,42.0697233,-84.6165414
211 LIBERTY STREET JONESVILLE MICHIGAN,41.9814626,-84.66086530000001
2010 E MOSHERVILLE ROAD JONESVILLE MICHIGAN,42.06703599999999,-84.6124224
216 West Street JONESVILLE MICHIGAN,41.9816931,-84.66248709999999
7931 GENESEE ROAD LITCHFIELD MICHIGAN,41.9993258,-84.765981
6930 MCLAIN ROAD LITCHFIELD MICHIGAN,41.9993859,-84.7877431
311 N Main St READING MICHIGAN,41.843082,-84.747647
6275 BEECHER ROAD OSSEO MICHIGAN,41.8828253,-84.5288257
12800 BIRD LAKE ROAD OSSEO MICHIGAN,41.74127610000001,-84.53891689999999
2859 Doty Rd OSSEO MICHIGAN,41.8847483,-84.58161249999999
1500 JEROME PITTSFORD MICHIGAN,41.9062666,-84.4592552
10731 HICKS ROAD QUINCY MICHIGAN,41.9046716,-84.8192361
5020 ABBOTT ROAD READING MICHIGAN,41.8537853,-84.7677935
5451 ABBOTT ROAD READING MICHIGAN,41.8472428,-84.7654122
120 ENTERPRISE DRIVE READING MICHIGAN,41.84492960000001,-84.7387588
1149 MERIDIAN RD BUNKER HILL MICHIGAN,42.55163580000001,-84.35667819999999
5810 KINNEVILLE EATON RAPIDS MICHIGAN,42.4659882,-84.57295309999999
1287 ONONDAGA N RD HOLT MICHIGAN,42.6204176,-84.56261459999999
120 WEST MICHIGAN AVENUE LANSING MICHIGAN,42.7339097,-84.55314829999999
456 SOUTH ROSEMARY STREET LANSING MICHIGAN,42.72956860000001,-84.5878204
1622 CAVANAUGH LANSING MICHIGAN,42.68919229999999,-84.53040279999999
2011 CLIFTON AVENUE LANSING MICHIGAN,42.7102665,-84.53266719999999
815 EDISON AVENUE LANSING MICHIGAN,42.7077762,-84.54111069999999
721 LESLIE STREET LANSING MICHIGAN,42.72569499999999,-84.5247512
411 NORTH FRANCIS STREET LANSING MICHIGAN,42.7376783,-84.5165999
510 WOODROW LANSING MICHIGAN,42.7100131,-84.54752850000001
202 BELL STREET LANSING MICHIGAN,42.7570169,-84.5539506
1224 CLARK STREET LANSING MICHIGAN,42.7471646,-84.53184730000001
412 PINEWOOD STREET LANSING MICHIGAN,42.687786,-84.557191
910 American ROAD BOX 203 LANSING MICHIGAN,42.7874419,-84.5426255
922 Legrand Dr LANSING MICHIGAN,42.69408749999999,-84.5654249
714 MILL STREET UNIT 24 LESLIE MICHIGAN,42.4494677,-84.4224108
3540 BELLEVUE ROAD LESLIE MICHIGAN,42.4517874,-84.4839935
4202 MERIDIAN LESLIE MICHIGAN,42.4635109,-84.351885
5420 BELLEVUE RD ONONDAGA MICHIGAN,42.451625,-84.55691999999999
4775 BALDWIN STREET ONONDAGA MICHIGAN,42.4429824,-84.56140309999999
621 CLINTON S ST STOCKBRIDGE MICHIGAN,42.445905,-84.179773
530 MECHANIC ST STOCKBRIDGE MICHIGAN,42.452449,-84.18718799999999
1371 BASELINE RD STOCKBRIDGE MICHIGAN,42.42491200000001,-84.3025
1371 BASELINE ROAD STOCKBRIDGE MICHIGAN,42.42491200000001,-84.3025
4363 EAST M-36 STOCKBRIDGE MICHIGAN,42.5115489,-84.18534050000001
3074 OBRIEN ROAD STOCKBRIDGE MICHIGAN,42.457553,-84.2418859
305 W elizabeth STREET STOCKBRIDGE MICHIGAN,42.4494917,-84.1827641
956 WOODS ROAD FENWICK MICHIGAN,43.076016,-85.0562229
10651 MCKENNA HUBBARDSTON MICHIGAN,43.1054038,-84.86352049999999
2717 NORTH STATE STREET IONIA MICHIGAN,43.026966,-85.0757926
726 ROBERTSON COURT IONIA MICHIGAN,42.9896853,-85.0460288
5710 STAGE ROAD IONIA MICHIGAN,43.0720025,-84.9955827
4726 E BLUE WATER HIGHWAY IONIA MICHIGAN,43.0016983,-84.9813145
302 W. LINCOLN AVE. IONIA MICHIGAN,42.9873857,-85.0667436
638 WEST MUSGROVE HIGHWAY LAKE ODESSA MICHIGAN,42.7996522,-85.0864667
14034 MAIER DRIVE LAKE ODESSA MICHIGAN,42.7760962,-85.12534749999999
8270 GOODWIN ROAD LYONS MICHIGAN,42.9150038,-84.9107616
140 NORTH HIGBEE STREET LYONS MICHIGAN,42.9824663,-84.9396889
5793 EAST RIVERSIDE DRIVE LYONS MICHIGAN,42.97059429999999,-84.9994778
204 EAST SUMMIT STREET MUIR MICHIGAN,43.0005874,-84.9384208
475 LONG LAKE ROAD ORLEANS MICHIGAN,43.1049282,-85.08432189999999
2201/2 CLARK STREET PORTLAND MICHIGAN,42.8700664,-84.9068975
8335 CENTERLINE ROAD SARANAC MICHIGAN,42.9432609,-85.23824599999999
402 W LAKE STREET TAWAS CITY MICHIGAN,44.2689033,-83.5165179
9603 EAST COLEMAN ROAD COLEMAN MICHIGAN,43.75716,-84.6549782
6313 CRAWFORD MOUNT PLEASANT MICHIGAN,43.5482668,-84.7877566
1007 NORTH KINNEY STREET MOUNT PLEASANT MICHIGAN,43.6131201,-84.7709694
3489 SOUTH SUMMERTON ROAD MOUNT PLEASANT MICHIGAN,43.59011659999999,-84.727507
402 NORTH ARNOLD STREET MOUNT PLEASANT MICHIGAN,43.6074992,-84.7687055
740 NORTH LEATON ROAD MOUNT PLEASANT MICHIGAN,43.6526244,-84.707657
2748 WEATHERWOOD STREET MOUNT PLEASANT MICHIGAN,43.6000783,-84.8095444
1409 SOUTH COUNTY LANE SHEPHERD MICHIGAN,44.5429383,-84.63396449999999
8781 EAST BASELINE ROAD  MICHIGAN,43.6411786,-84.6736861
9955 GLENN ROAD GRASS LAKE MICHIGAN,42.3108239,-84.224901
119 ELM STREET 2 JACKSON MICHIGAN,42.1953142,-84.398096
5791 WHEATON RD JACKSON MICHIGAN,42.1715593,-84.3118757
116 MASON E ST 2 JACKSON MICHIGAN,42.243237,-84.40437899999999
13255 CLINTON ROAD JACKSON MICHIGAN,42.380803,-84.56444499999999
605 HOMEWILD STREET JACKSON MICHIGAN,42.250967,-84.39989729999999
401 EAST HIGH STREET JACKSON MICHIGAN,42.2328406,-84.3937399
521 WEST GANSON STREET JACKSON MICHIGAN,42.25445,-84.417576
316 EAST EUCLID STREET JACKSON MICHIGAN,42.2295488,-84.3956482
533 TUMBRIDGE ROAD JACKSON MICHIGAN,42.2447626,-84.4614351
212 BIRDSELL STREET JACKSON MICHIGAN,42.21316530000001,-84.3965535
5613 LARCH DRIVE JACKSON MICHIGAN,42.272286,-84.316484
1005 LANSING AVENUE JACKSON MICHIGAN,42.2609765,-84.4171447
215 SECOND STREET JACKSON MICHIGAN,42.2459613,-84.41582679999999
612 LANSING AVENUE JACKSON MICHIGAN,42.2554494,-84.4150878
200 S ELM STREET JACKSON MICHIGAN,42.25009860000001,-84.3846353
464 COOPER STREET JACKSON MICHIGAN,42.251571,-84.4021915
2725 overhill ROAD JACKSON MICHIGAN,42.2197351,-84.40319009999999
1411 Merriman STREET JACKSON MICHIGAN,42.2315653,-84.39687169999999
510 Hallet St. JACKSON MICHIGAN,42.2568978,-84.41722999999999
1916 Parkwood Way JACKSON MICHIGAN,42.2258779,-84.4246253
801 Brentwood Rd JACKSON MICHIGAN,42.2568065,-84.45149839999999
118 N Forbes St JACKSON MICHIGAN,42.2537739,-84.37736319999999
708 S West Ave JACKSON MICHIGAN,42.2417779,-84.4236279
8495 JACKSON S RD LIBERTY MICHIGAN,42.096306,-84.401281
7150 KENNEDY RD MUNITH MICHIGAN,42.380819,-84.287849
8533 COON HILL ROAD MUNITH MICHIGAN,42.36398,-84.25989
3003 GARDNER ROAD PARMA MICHIGAN,42.277057,-84.551694
11 W MICHIGAN AVENUE PARMA MICHIGAN,42.2586287,-84.6011116
11130 BUNKERHILL ROAD PLEASANT LAKE MICHIGAN,42.374965,-84.325332
312 MICHIGAN W AUGUSTA MICHIGAN,42.3356785,-85.35528980000001
5163 FT CASTER DRIVE AUGUSTA MICHIGAN,42.3267651,-85.349486
11870 SPRINKLE RD BRADY TOWNSHIP MICHIGAN,42.1457479,-85.524023
534 LEENHOUTS ST COMSTOCK MICHIGAN,42.2931949,-85.5231311
505 COLLETTE AVENUE COMSTOCK MICHIGAN,42.2929959,-85.52080389999999
S 31ST ST / E N AVE ROAD COMSTOCK MICHIGAN,42.2340147,-85.46251
254 D AVE E LOT 60 COOPER TOWNSHIP MICHIGAN,42.3765079,-85.5868979
15905 Z E AVE FULTON MICHIGAN,42.07151640000001,-85.3059936
14157 42ND S ST FULTON MICHIGAN,42.1127214,-85.3524555
571 MAPLEWOOD ST GALESBURG MICHIGAN,42.2836325,-85.3943396
4711 36TH N ST GALESBURG MICHIGAN,42.33052379999999,-85.41608269999999
8150 MICHIGAN E AVE GALESBURG MICHIGAN,42.2870566,-85.4696416
8078 EAST MICHIGAN AVENUE GALESBURG MICHIGAN,42.2881644,-85.4721307
552 NORTH 30TH STREET GALESBURG MICHIGAN,42.292584,-85.4723003
490 ELMWOOD DRIVE GALESBURG MICHIGAN,42.2844057,-85.39374629999999
652 MAPLEWOOD DRIVE GALESBURG MICHIGAN,42.2831694,-85.39433489999999
17 WASHINGTON STREET GALESBURG MICHIGAN,42.2906272,-85.4198109
616 MAPLEWOOD GALESBURG MICHIGAN,42.2833257,-85.3943355
102 NORTH 30TH STREET 1 GALESBURG MICHIGAN,42.2911025,-85.4706004
336 EAST MICHIGAN GALESBURG MICHIGAN,42.2885296,-85.40697109999999
336 EAST MICHIGAN AVENUE 4 GALESBURG MICHIGAN,42.2885296,-85.40697109999999
161 GALE STREET GALESBURG MICHIGAN,42.2948744,-85.414023
13362 EAST L AVENUE GALESBURG MICHIGAN,42.2744991,-85.3688391
1928 COLGROVE AVE 204 KALAMAZOO MICHIGAN,42.3100254,-85.554694
618 MAPLE HILL DR 110 KALAMAZOO MICHIGAN,42.2944055,-85.6592794
1606 PALMER ST KALAMAZOO MICHIGAN,42.2697689,-85.5601616
156 28TH N ST 6 KALAMAZOO MICHIGAN,42.289724,-85.4920784
1966 11TH S ST 4 KALAMAZOO MICHIGAN,42.2710863,-85.6580449
1915 MARCH ST KALAMAZOO MICHIGAN,42.272752,-85.56272469999999
5672 MICHIGAN E AVE KALAMAZOO MICHIGAN,42.28822479999999,-85.5172596
619 EGLESTON ST KALAMAZOO MICHIGAN,42.2766211,-85.5734116
825 COOPER ST KALAMAZOO MICHIGAN,42.30038529999999,-85.5517289
2399 30TH N ST KALAMAZOO MICHIGAN,42.3097101,-85.47559749999999
2515 CORK E ST 21 KALAMAZOO MICHIGAN,42.2597028,-85.5479648
5361 COMSTOCK AVE KALAMAZOO MICHIGAN,42.2840316,-85.52441069999999
1609 CHURCH N ST KALAMAZOO MICHIGAN,42.3072771,-85.58669599999999
628 LAKE ST KALAMAZOO MICHIGAN,42.28081479999999,-85.57474429999999
521 STASSEN ST KALAMAZOO MICHIGAN,42.32916540000001,-85.5906007
5603 20TH N ST KALAMAZOO MICHIGAN,42.3416527,-85.5726495
1525 G E AVE KALAMAZOO MICHIGAN,42.332984,-85.56063089999999
1013 EDISON ST KALAMAZOO MICHIGAN,42.3300579,-85.59817129999999
1519 OLMSTEAD RD 63 KALAMAZOO MICHIGAN,42.2756197,-85.5375736
3661 LARK DR KALAMAZOO MICHIGAN,42.272431,-85.6359995
9671 D E AVE A7 KALAMAZOO MICHIGAN,42.3642478,-85.73919029999999
1804 HAWK DR KALAMAZOO MICHIGAN,42.2739351,-85.6377641
3625 LARK DR KALAMAZOO MICHIGAN,42.2728785,-85.63512349999999
1513 MAIN W ST KALAMAZOO MICHIGAN,42.2937771,-85.6071788
1404 MOSELS E ST KALAMAZOO MICHIGAN,42.3176243,-85.562972
8924 MICHIGAN E KALAMAZOO MICHIGAN,42.2885604,-85.4551695
1904 SANDY COVE DR KALAMAZOO MICHIGAN,42.3057622,-85.5154179
1451 NORTH HILLS DR KALAMAZOO MICHIGAN,42.3161878,-85.6061053
254 D E AVE LOT 3 KALAMAZOO MICHIGAN,42.3765079,-85.5868979
1028 FERNDALE AVE KALAMAZOO MICHIGAN,42.2546761,-85.5681843
2478 ROSEVELT KALAMAZOO MICHIGAN,42.3477124,-85.5598325
1403 SHERWOOD AVE 1 KALAMAZOO MICHIGAN,42.2973076,-85.562632
1536 HIGHLAND HILLS DR KALAMAZOO MICHIGAN,42.3156622,-85.608457
3650 LURK DR KALAMAZOO MICHIGAN,42.2724424,-85.636
1706 HOMECREST ST KALAMAZOO MICHIGAN,42.2648289,-85.5587219
3405 D E AVE KALAMAZOO MICHIGAN,42.3763973,-85.5491605
4205 DEBBIE LN KALAMAZOO MICHIGAN,42.2743836,-85.64139899999999
1453 HIGHLAND HILLS DR KALAMAZOO MICHIGAN,42.3156662,-85.6060086
10150 RIVERVIEW N DR KALAMAZOO MICHIGAN,42.4078324,-85.56019479999999
1113 LANE BLVD KALAMAZOO MICHIGAN,42.2724327,-85.5664148
6766 COLGROVE KALAMAZOO MICHIGAN,42.238344,-85.4960929
3634 LARK DR KALAMAZOO MICHIGAN,42.2730553,-85.635757
738 VINE E ST KALAMAZOO MICHIGAN,42.2838656,-85.5720652
121 1/2 FELLOWS ST KALAMAZOO MICHIGAN,42.2823241,-85.5839386
3114 VIRGINIA AVE KALAMAZOO MICHIGAN,42.3221123,-85.5594045
1142 FARGO KALAMAZOO MICHIGAN,42.3157962,-85.5656482
1817 ROSE N ST KALAMAZOO MICHIGAN,42.3096468,-85.5848796
3661 CARDINAL DR KALAMAZOO MICHIGAN,42.2738787,-85.6342275
2141 AMHERST AVE KALAMAZOO MICHIGAN,42.2575069,-85.6147931
2000 BARNEY RD KALAMAZOO MICHIGAN,42.3182934,-85.613778
3416 VALENCIA KALAMAZOO MICHIGAN,42.2736324,-85.6316387
1027 SHERWOOD AVE KALAMAZOO MICHIGAN,42.2973084,-85.5682159
8336 14TH ST KALAMAZOO MICHIGAN,42.380908,-85.6294345
3315 BROOKFIELD KALAMAZOO MICHIGAN,42.279578,-85.5389306
614 CHARLOTTE AVE KALAMAZOO MICHIGAN,42.2973352,-85.5638405
3415 VALENCIA LN KALAMAZOO MICHIGAN,42.2736324,-85.63161889999999
2516 CORLOT ST KALAMAZOO MICHIGAN,42.3295228,-85.54922959999999
502 30TH N ST KALAMAZOO MICHIGAN,42.2922277,-85.4721093
5069 ROYLAN ST KALAMAZOO MICHIGAN,42.3337515,-85.5689685
5225 FORDHAM KALAMAZOO MICHIGAN,42.3098497,-85.5270007
6568 WALBURN ST KALAMAZOO MICHIGAN,42.2390522,-85.4996984
1615 NOTTINGHAM ST 301 KALAMAZOO MICHIGAN,42.2475282,-85.5594009
482 REED ST KALAMAZOO MICHIGAN,42.27394779999999,-85.5748347
2924 ALAMO AVE KALAMAZOO MICHIGAN,42.3075344,-85.62607729999999
909 EDISON ST KALAMAZOO MICHIGAN,42.3301202,-85.5965847
5381 THAYER AVE KALAMAZOO MICHIGAN,42.337857,-85.5587548
3516 LOWDEN ST KALAMAZOO MICHIGAN,42.2572813,-85.6260367
6794 RAVINE RD KALAMAZOO MICHIGAN,42.3600703,-85.6650085
158 LEVEL ST KALAMAZOO MICHIGAN,42.2870075,-85.4884569
1539 HIGHLAND HILLS DR KALAMAZOO MICHIGAN,42.3156633,-85.6077649
156 28TH N ST 5 KALAMAZOO MICHIGAN,42.289724,-85.4920784
831 BURDICK S ST KALAMAZOO MICHIGAN,42.2836315,-85.5827577
1517 PORTAGE ST KALAMAZOO MICHIGAN,42.2758584,-85.5702158
111 FELLOWS CT KALAMAZOO MICHIGAN,42.2823028,-85.5831182
400 NORTH W ST KALAMAZOO MICHIGAN,42.2978095,-85.58747729999999
4068 DEADWOOD N KALAMAZOO MICHIGAN,42.2406426,-85.5416302
1519 OLMSTEAD 32 KALAMAZOO MICHIGAN,42.2756197,-85.5375736
206 BELMONT E ST KALAMAZOO MICHIGAN,42.2713812,-85.5807126
3907 AOBURN LN KALAMAZOO MICHIGAN,42.2396319,-85.54486949999999
1006 LANE BLVD KALAMAZOO MICHIGAN,42.2721531,-85.567725
35382 22ND KALAMAZOO MICHIGAN,42.2903733,-85.7671475
3606 STEWART DRIVE KALAMAZOO MICHIGAN,42.2762712,-85.5355414
6743 PEYTON PLACE KALAMAZOO MICHIGAN,42.2419719,-85.4961587
2233 FLOWER STREET KALAMAZOO MICHIGAN,42.2687445,-85.5685891
2023 SCHIPPERS LN. KALAMAZOO MICHIGAN,42.2922804,-85.5546486
6453 TWILIGHT AVENUE KALAMAZOO MICHIGAN,42.3259224,-85.5034865
2334 EAST MAIN STREET KALAMAZOO MICHIGAN,42.3029799,-85.55050849999999
254 EAST D AVENUE KALAMAZOO MICHIGAN,42.3765079,-85.5868979
6743 PEYTON PLACE KALAMAZOO MICHIGAN,42.2419719,-85.4961587
1323 BROWNELL STREET KALAMAZOO MICHIGAN,42.30397929999999,-85.6111434
6743 PETTON PLACE KALAMAZOO MICHIGAN,42.2419719,-85.4961587
1370 RED MAPLE LANE KALAMAZOO MICHIGAN,42.3217,-85.60449609999999
254 EAST D LOT 23 AVENUE KALAMAZOO MICHIGAN,42.7299301,-84.48960350000002
5781 SANDALWOOD KALAMAZOO MICHIGAN,42.3274312,-85.51901360000001
508 LAY BOULEVARD KALAMAZOO MICHIGAN,42.27303690000001,-85.57483719999999
5125 LANDS END DRIVE KALAMAZOO MICHIGAN,42.3349588,-85.6208278
2804 MOUNT OLIVET KALAMAZOO MICHIGAN,42.3190706,-85.55467399999999
893 WORDEN KALAMAZOO MICHIGAN,42.2964546,-85.5061783
50 BLANCHE AVENUE KALAMAZOO MICHIGAN,42.2493405,-85.5816399
1944 SOUTH 11TH #3D STREET KALAMAZOO MICHIGAN,43.5726118,-96.5816126
530 DENWAY #36 CIRCLE KALAMAZOO MICHIGAN,42.251917,-85.59085
2918 WHITTIER STREET KALAMAZOO MICHIGAN,42.2617738,-85.5561585
3419 SOUTH 9TH STREET KALAMAZOO MICHIGAN,42.2579574,-85.6774396
7777 STADIUM DRIVE KALAMAZOO MICHIGAN,42.25371519999999,-85.70306959999999
5373 NORTH RIVERVIEW DRIVE KALAMAZOO MICHIGAN,42.3383282,-85.56015029999999
2515 EAST CORK STREET 25 KALAMAZOO MICHIGAN,42.2597028,-85.5479648
1316 SOUTH WESTNEDGE AVENUE 3 KALAMAZOO MICHIGAN,42.2784359,-85.5897665
3321 COMSTOCK VILLAGE DRIVE 103 KALAMAZOO MICHIGAN,42.3178294,-85.52439679999999
6007 CHUBB AVENUE KALAMAZOO MICHIGAN,42.2892388,-85.511699
3029 EMERALD DRIVE KALAMAZOO MICHIGAN,42.2611457,-85.5503604
720 OAK STREET 2 KALAMAZOO MICHIGAN,42.2844274,-85.59252359999999
5665 JOSEPHINE STREET KALAMAZOO MICHIGAN,42.2895123,-85.5183234
1011 DAYTON KALAMAZOO MICHIGAN,42.3015959,-85.54552609999999
1406 BANBURY STREET KALAMAZOO MICHIGAN,42.2506654,-85.56158789999999
1015 CHICAGO AVENUE 1 KALAMAZOO MICHIGAN,42.3020926,-85.5540187
6381 EAST JK AVENUE KALAMAZOO MICHIGAN,42.2959282,-85.50473199999999
3836 MADISON AVENUE KALAMAZOO MICHIGAN,42.253487,-85.62348039999999
5314 WESTSHIRE STREET KALAMAZOO MICHIGAN,42.2400828,-85.50092699999999
5273 NORTH 20TH STREET KALAMAZOO MICHIGAN,42.3366574,-85.57041450000001
1516 EAST MAIN STREET 1 KALAMAZOO MICHIGAN,42.2971818,-85.5609116
316 STUART AVENUE 2 KALAMAZOO MICHIGAN,42.2933053,-85.5975239
1240 JEFFERSON KALAMAZOO MICHIGAN,42.2962528,-85.60229179999999
197 HOMER STREET KALAMAZOO MICHIGAN,42.2865988,-85.490613
1103 FAIRBANKS AVENUE KALAMAZOO MICHIGAN,42.3025323,-85.5617836
5450 MOUNT COURT KALAMAZOO MICHIGAN,42.2379522,-85.5437208
5467 KEYES DRIVE KALAMAZOO MICHIGAN,42.3396202,-85.5605114
911 MILLS STREET KALAMAZOO MICHIGAN,42.2828479,-85.5662385
1549 NORTH HILLS DRIVE KALAMAZOO MICHIGAN,42.316195,-85.6064725
730 LAKE STREET KALAMAZOO MICHIGAN,42.2808628,-85.5714789
202 WEST BELMONT KALAMAZOO MICHIGAN,42.27158900000001,-85.584
119 WALL STREET KALAMAZOO MICHIGAN,42.2810797,-85.58446699999999
2000 REED STREET KALAMAZOO MICHIGAN,42.274137,-85.5542964
314 WEST VINE STREET 2 KALAMAZOO MICHIGAN,42.2841599,-85.5867332
4530 LILAC LANE 31 KALAMAZOO MICHIGAN,42.2751289,-85.6463233
527 WITWER COURT KALAMAZOO MICHIGAN,42.26905350000001,-85.5735878
606 DOUGLAS AVENUE 4 KALAMAZOO MICHIGAN,42.2967738,-85.5992346
6582 CELERY STREET KALAMAZOO MICHIGAN,42.2809746,-85.5008278
3304 RANDOM KALAMAZOO MICHIGAN,42.32342879999999,-85.5524645
211 RIVER STREET C KALAMAZOO MICHIGAN,42.2863353,-85.51316229999999
127 NORTH 26TH STREET KALAMAZOO MICHIGAN,42.2895565,-85.5109633
6605 CLAXTON STREET KALAMAZOO MICHIGAN,42.2565198,-85.5145228
507 REED STREET KALAMAZOO MICHIGAN,42.2742671,-85.5746193
2222 REGENT KALAMAZOO MICHIGAN,42.3134166,-85.5649244
6504 CELERY STREET KALAMAZOO MICHIGAN,42.2807074,-85.50189689999999
330 NORTH SAGE STREET 102 KALAMAZOO MICHIGAN,42.2951371,-85.64317299999999
1360 WILLOW LANE KALAMAZOO MICHIGAN,42.3224819,-85.6050099
1112 COLONIAL TRAIL DRIVE KALAMAZOO MICHIGAN,42.2810905,-85.6579702
2417 LINCOLN STREET KALAMAZOO MICHIGAN,42.2888813,-85.54874199999999
6596 PICADILLY KALAMAZOO MICHIGAN,42.2401867,-85.4994687
407 PHELPS STREET KALAMAZOO MICHIGAN,42.2946567,-85.5599467
1710 EAST G AVENUE 10 KALAMAZOO MICHIGAN,42.3320985,-85.55850070000001
527 WEST CEDAR STREET 3 KALAMAZOO MICHIGAN,42.2873355,-85.5899312
2517 SONORA KALAMAZOO MICHIGAN,42.3165083,-85.5653281
6400 EAST CELERY STREET KALAMAZOO MICHIGAN,42.2810491,-85.50499769999999
1000 SCHUSTER STREET KALAMAZOO MICHIGAN,42.28128419999999,-85.5536643
5059 SOUTH 9TH STREET KALAMAZOO MICHIGAN,42.2444931,-85.67650809999999
5950 NORTH 20TH STREET KALAMAZOO MICHIGAN,42.346635,-85.5680295
2135 SPRINKLE ROAD KALAMAZOO MICHIGAN,42.269141,-85.52960379999999
1503 STOCKBRIDGE STREET KALAMAZOO MICHIGAN,42.2775969,-85.5616433
2515 EAST CORK STREET LOT 14 KALAMAZOO MICHIGAN,42.2597028,-85.5479648
654 RIVER STREET KALAMAZOO MICHIGAN,42.2825303,-85.5156677
3700 VANRICK DRIVE 241 KALAMAZOO MICHIGAN,42.254065,-85.5329331
3700 VANRICK DRIVE 105 KALAMAZOO MICHIGAN,42.254065,-85.5329331
3800 EAST CORK STREET KALAMAZOO MICHIGAN,42.2604411,-85.53195629999999
6566 EAST JK AVENUE 1 KALAMAZOO MICHIGAN,42.2956326,-85.500244
2615 AIRVIEW BOULEVARD 243/244 KALAMAZOO MICHIGAN,42.242677,-85.55835619999999
3401 OLNEY DRIVE KALAMAZOO MICHIGAN,42.2982074,-85.63128379999999
3531 LOWDEN STREET KALAMAZOO MICHIGAN,42.2573351,-85.6255516
400 THE DELLS KALAMAZOO MICHIGAN,42.2951392,-85.5507511
8720 IRONWOOD AVENUE LOT 191 KALAMAZOO MICHIGAN,42.2471152,-85.7198499
923 SOUTH BURDICK STREET KALAMAZOO MICHIGAN,42.2822199,-85.5826762
2500 MOUNT OLIVET ROAD KALAMAZOO MICHIGAN,42.3160941,-85.5586458
441 WEST CEDAR 2 KALAMAZOO MICHIGAN,42.2872806,-85.5889972
527 DENWAY DRIVE KALAMAZOO MICHIGAN,42.2517185,-85.59075899999999
1600 NORTH RIVERVIEW STREET KALAMAZOO MICHIGAN,42.3161425,-85.57075259999999
2900 CHARLES AVENUE KALAMAZOO MICHIGAN,42.2959046,-85.54389139999999
2595 NAZARETH KALAMAZOO MICHIGAN,42.3171937,-85.53616439999999
2515 EAST CORK STREET 43 KALAMAZOO MICHIGAN,42.2597028,-85.5479648
3611 EAST KILGORE ROAD KALAMAZOO MICHIGAN,42.2451179,-85.54348379999999
5350 WEST MAIU STREET KALAMAZOO MICHIGAN,42.2985061,-85.6553251
5425 MICHIGAN 210 KALAMAZOO MICHIGAN,42.2699746,-85.65666019999999
2042 LANE BOULEVARD KALAMAZOO MICHIGAN,42.2721528,-85.5550698
5374 ANDRUS COURT KALAMAZOO MICHIGAN,42.2404524,-85.54257960000001
5650 PARKVIEW AVENIDA KALAMAZOO MICHIGAN,42.2599807,-85.660794
3002 SOUTH BURDICK 3C KALAMAZOO MICHIGAN,42.2612787,-85.58043409999999
318 CHICAGO AVENUE KALAMAZOO MICHIGAN,42.2947766,-85.5528413
6244 EAST MICHIGAN AVENUE KALAMAZOO MICHIGAN,42.2883636,-85.50700189999999
5760 ARBUTUS STREET KALAMAZOO MICHIGAN,42.2333112,-85.6756681
527 EDWIN STREET KALAMAZOO MICHIGAN,42.2967921,-85.55880979999999
5396 MILHAM DRIVE KALAMAZOO MICHIGAN,42.2388189,-85.5011858
719 WOODARD AVENUE KALAMAZOO MICHIGAN,42.29810020000001,-85.5964261
7263 SAGINAW STREET KALAMAZOO MICHIGAN,42.2908218,-85.4874277
5934 FRANCIS STREET KALAMAZOO MICHIGAN,42.2821651,-85.51295069999999
611 COLLINS STREET KALAMAZOO MICHIGAN,42.2798783,-85.5730684
325 DARLING STREET KALAMAZOO MICHIGAN,42.2952164,-85.5471853
3105 CARLETON STREET KALAMAZOO MICHIGAN,42.2802406,-85.5418208
1207 HAYS PARK AVENUE KALAMAZOO MICHIGAN,42.2749093,-85.5649265
4050 UNDERWOOD COURT KALAMAZOO MICHIGAN,42.2388085,-85.5420597
1200 TRIMBLE STREET KALAMAZOO MICHIGAN,42.3032112,-85.55754809999999
1318 HUMPHREY STREET KALAMAZOO MICHIGAN,42.3031813,-85.5636765
1526 UPLAND STREET KALAMAZOO MICHIGAN,42.3066752,-85.54157119999999
750 LIBERTY STREET B2 KALAMAZOO MICHIGAN,42.2508977,-85.5942448
6166 KINGSVILLE DRIVE KALAMAZOO MICHIGAN,42.2408069,-85.50093059999999
1334 NORTH PARK STREET KALAMAZOO MICHIGAN,42.304521,-85.5874358
1117 REED STREET KALAMAZOO MICHIGAN,42.2742612,-85.56636379999999
549 FENIMORE KALAMAZOO MICHIGAN,42.2974772,-85.55444179999999
1829 CHARLES STREET KALAMAZOO MICHIGAN,42.2959999,-85.55690799999999
2177 EAST Y AVENUE KALAMAZOO MICHIGAN,42.0852103,-85.5616172
9704 BIG ROCK DRIVE KALAMAZOO MICHIGAN,42.2966602,-85.73993
734 EAST VW AVENUE C2 KALAMAZOO MICHIGAN,42.1214098,-85.57948929999999
2206 BENDER KALAMAZOO MICHIGAN,42.2430892,-85.56359239999999
4000 VALLEY DRIVE KALAMAZOO MICHIGAN,42.2939209,-85.63851489999999
750 PLEASANT AVENIDA 106 KALAMAZOO MICHIGAN,42.2498195,-85.5935375
1023 LAY BOULEVARD KALAMAZOO MICHIGAN,42.2733571,-85.5675277
2128 PORTAGE STREET KALAMAZOO MICHIGAN,42.27014519999999,-85.5724195
1014 HAZARD AVENUE 2 KALAMAZOO MICHIGAN,42.3018219,-85.55840979999999
8895 BRIARWOOD AVENUE LOT: 12 KALAMAZOO MICHIGAN,42.24544050000001,-85.72274589999999
231 FORESMAN KALAMAZOO MICHIGAN,42.2937951,-85.56122529999999
6090 IMPERIAL STREET 8 KALAMAZOO MICHIGAN,42.2606667,-85.5816516
316 WEST VINE 1 KALAMAZOO MICHIGAN,42.2842581,-85.58648219999999
501 FENIMORE AVENUE KALAMAZOO MICHIGAN,42.2960147,-85.5545503
1706 BLOOMFIELD KALAMAZOO MICHIGAN,42.2478186,-85.5589799
4014 NORTH DEADWOOD KALAMAZOO MICHIGAN,42.2406416,-85.5423031
4319 DUKE STREET B8 KALAMAZOO MICHIGAN,42.2473732,-85.59513199999999
2854 MOUNT OLIVET ROAD KALAMAZOO MICHIGAN,42.3194568,-85.5541483
1000 WEST D AVENUE KALAMAZOO MICHIGAN,42.37706230000001,-85.6021876
1109 WILLIS AVENUE KALAMAZOO MICHIGAN,42.2803985,-85.54708149999999
2825 MAPLE AVENUE KALAMAZOO MICHIGAN,42.3195391,-85.5335229
3925 SOUTH BURDICK KALAMAZOO MICHIGAN,42.2526202,-85.5796759
618 33RD STREET KALAMAZOO MICHIGAN,42.2943086,-85.4435697
6659 CARLISLE STREET KALAMAZOO MICHIGAN,42.2396111,-85.4980013
2215 WASHINGTON AVENUE KALAMAZOO MICHIGAN,42.278897,-85.55189709999999
5672 EAST MICHIAGAN AVENUE KALAMAZOO MICHIGAN,42.28822479999999,-85.5172596
5097 MT. OLIVET AVENUE KALAMAZOO MICHIGAN,42.3341467,-85.546269
6549 PEYTON PLACE KALAMAZOO MICHIGAN,42.2419932,-85.5001333
916 E STOCKBRIDGE AVENUE KALAMAZOO MICHIGAN,42.2773387,-85.5687002
13362 E L AVENUE KALAMAZOO MICHIGAN,42.2744991,-85.3688391
1004 FLETCHER AVENUE KALAMAZOO MICHIGAN,42.3007242,-85.6196973
8392 S 2ND STREET KALAMAZOO MICHIGAN,42.1946186,-85.7439917
5184 BOYLAN AVENUE KALAMAZOO MICHIGAN,42.3352942,-85.56893319999999
8945 BEECHWOOD DRIVE KALAMAZOO MICHIGAN,42.2456265,-85.72498259999999
1517 LANE BOULEVARD KALAMAZOO MICHIGAN,42.2724271,-85.5614787
3222 BIRCH LANE KALAMAZOO MICHIGAN,42.32213,-85.6032341
1900 ROOSEVELT STREET KALAMAZOO MICHIGAN,42.3481846,-85.56673289999999
6399 BANEBENY ROAD KALAMAZOO MICHIGAN,42.23304359999999,-85.67498049999999
N AVE / S 31ST KALAMAZOO MICHIGAN,42.2340147,-85.46251
8717 RUSTY DRIVE KALAMAZOO MICHIGAN,42.2454259,-85.7202933
8717 RUSTY DRIVE KALAMAZOO MICHIGAN,42.2454259,-85.7202933
1526 UPLAND DRIVE KALAMAZOO MICHIGAN,42.3066752,-85.54157119999999
5588 Meadowsweet Drive KALAMAZOO MICHIGAN,42.3353535,-85.51929090000002
823 Oakland Dr KALAMAZOO MICHIGAN,42.2833154,-85.59837999999999
3150 DORI DR 208 OSHTEMO MICHIGAN,42.2609056,-85.6609003
507 KEYES DR PARCHMENT MICHIGAN,42.3313749,-85.56837999999999
5038 O E AVE PAVILIENT WP MICHIGAN,42.7745598,-86.20309519999999
6622 SOUTH 25TH STREET PAVILION MICHIGAN,42.2210592,-85.52068969999999
3885 HAMLIN DR PORTAGE MICHIGAN,42.2434612,-85.5432996
4284 BRISTLECONE DR PORTAGE MICHIGAN,42.22590050000001,-85.64104329999999
5447 MEREDITH DR D PORTAGE MICHIGAN,42.2383017,-85.5354347
219 DELLA ST PORTAGE MICHIGAN,42.2234025,-85.587505
5530 LEXINGTON CIR PORTAGE MICHIGAN,42.2368678,-85.53403980000002
7528 LAKEWOOD DR PORTAGE MICHIGAN,42.207394,-85.5828856
619 SCHURING RD 3 PORTAGE MICHIGAN,42.20800089999999,-85.59625249999999
828 SHOM WAY ST PORTAGE MICHIGAN,42.1546883,-85.4715172
205 DAWNLEE PORTAGE MICHIGAN,42.2346277,-85.5880998
5541 LOVERS LN PORTAGE MICHIGAN,42.236178,-85.5738784
4211 MONROE PORTAGE MICHIGAN,42.24171,-85.539103
9440 WESTRIDGE S AVE PORTAGE MICHIGAN,42.2900488,-85.6718846
4216 MONROE PORTAGE MICHIGAN,42.2417101,-85.53906889999999
1130 EAST OSTERHOUT ST. PORTAGE MICHIGAN,42.1644961,-85.5757452
8036 LOVERS LANE PORTAGE MICHIGAN,42.1999936,-85.5749301
7146 LOVERS LANE PORTAGE MICHIGAN,42.2127026,-85.5755334
2610 STANLEY PORTAGE MICHIGAN,42.1752426,-85.5582756
1605 BACON AVENUE PORTAGE MICHIGAN,42.1719543,-85.5702171
1522 HAMELINK STREET PORTAGE MICHIGAN,42.2361351,-85.57143769999999
5207 BONTE STREET PORTAGE MICHIGAN,42.2414646,-85.5399286
1722 QUAKER AVENUE PORTAGE MICHIGAN,42.2372109,-85.60996790000002
5423 MEREDITH 26 PORTAGE MICHIGAN,42.2396923,-85.53381859999999
5530 LEXINGTON CIRCLE PORTAGE MICHIGAN,42.2368678,-85.53403980000002
9624 SOUTH SPRINKLE ROAD PORTAGE MICHIGAN,42.1773029,-85.5308476
5834 CRANSTON STREET PORTAGE MICHIGAN,42.232228,-85.5355252
8119 BRUNING STREET PORTAGE MICHIGAN,42.1990049,-85.5761574
1950 VANDERBILT PORTAGE MICHIGAN,42.1834003,-85.6123408
528 CONNECTICUT DRIVE PORTAGE MICHIGAN,42.23599189999999,-85.5946944
5429 MEREDITH 2A PORTAGE MICHIGAN,42.2395199,-85.53209840000001
2100 BLOCK WINTER AVENUE PORTAGE MICHIGAN,42.2133607,-85.6022084
5207 BONTE PORTAGE MICHIGAN,42.2414646,-85.5399286
5431 MEREDITH STREET 1C PORTAGE MICHIGAN,42.2390886,-85.53563319999999
1508 SOUTH SHORE PORTAGE MICHIGAN,42.1808652,-85.5718419
5442 MEREDITH J PORTAGE MICHIGAN,42.2385446,-85.5361954
3140 EAST KILGORE PORTAGE MICHIGAN,42.2443835,-85.54171360000001
11247 PORTAGE ROAD 22 PORTAGE MICHIGAN,42.153731,-85.56545240000001
11247 PORTAGE ROAD 22 PORTAGE MICHIGAN,42.153731,-85.56545240000001
4855 EAST MILHAM AVENUE B PORTAGE MICHIGAN,42.2307425,-85.53141029999999
4855 EAST MILHAM AVENUE B PORTAGE MICHIGAN,42.2307425,-85.53141029999999
8605 NEWELLS LANE PORTAGE MICHIGAN,42.1923577,-85.5698568
5528 DEERFIELD PORTAGE MICHIGAN,42.236685,-85.60997479999999
4212 WINTHROP PORTAGE MICHIGAN,42.2339664,-85.5390487
1025 SHUMWAY AVENUE PORTAGE MICHIGAN,42.1971323,-85.5772762
1411 WEST CENTRE PORTAGE MICHIGAN,42.2006923,-85.6056491
1727 PLEASANT DRIVE PORTAGE MICHIGAN,42.199748,-85.5686224
5328 WISTERIA PORTAGE MICHIGAN,42.239733,-85.5877862
11000 SHAVER ROAD PORTAGE MICHIGAN,42.1573224,-85.6243157
6100 CORPORATE DRIVE PORTAGE MICHIGAN,42.2302911,-85.5309057
1103 SCHURING PORTAGE MICHIGAN,42.2080021,-85.6019208
6905 EAST D AVENUE 6 RICHLAND MICHIGAN,42.3768439,-85.4961445
9604 EAST M-89 LOT 15 RICHLAND MICHIGAN,42.3758972,-85.4438259
5796 EAST DB AVENUE RICHLAND MICHIGAN,42.3763146,-85.5036234
11926 EAST D AVENUE RICHLAND MICHIGAN,42.3754605,-85.39793209999999
5598 MARTIN DR ROSS TWP MICHIGAN,42.3438802,-85.3185773
14213 14TH S ST SCHOOLCRAFT MICHIGAN,42.1113708,-85.6268058
11426 BONNIE DR 11 SCHOOLCRAFT MICHIGAN,42.1514349,-85.62904669999999
11465 CIRCLE DRIVE SCHOOLCRAFT MICHIGAN,42.1509125,-85.6281187
11468 BONNIE DRIVE SCHOOLCRAFT MICHIGAN,42.1510262,-85.6296612
435 E Cass STREET SCHOOLCRAFT MICHIGAN,42.1163364,-85.63284329999999
10844 QR E AVE SCOTTS MICHIGAN,42.1941943,-85.4157062
11793 SOUTH 39TH STREET SCOTTS MICHIGAN,42.1476367,-85.3821337
333 FRAKES ST A102 VICKSBURG MICHIGAN,42.1233531,-85.5382963
13397 X E AVE VICKSBURG MICHIGAN,42.1023169,-85.3645468
12139 39TH S ST VICKSBURG MICHIGAN,42.1419723,-85.3828015
12677 36TH S ST VICKSBURG MICHIGAN,42.1340384,-85.409605
15649 SOUTH 29TH STREET VICKSBURG MICHIGAN,42.0903615,-85.4785679
12937 BAYVIEW DRIVE VICKSBURG MICHIGAN,42.1297331,-85.5371103
407 WEST XY AVENUE VICKSBURG MICHIGAN,42.0921057,-85.59293219999999
207 NORTH RICHARDSON 3 VICKSBURG MICHIGAN,42.123043,-85.5300279
10477 SPRINKLE ROAD 4 VICKSBURG MICHIGAN,42.16529269999999,-85.5271485
12100 WEST INDIAN LAKE DRIVE VICKSBURG MICHIGAN,42.140963,-85.5041411
13164 SOUTH 42ND STREET VICKSBURG MICHIGAN,42.1279386,-85.35423569999999
3300 EAST BLOCK U AVENUE VICKSBURG MICHIGAN,42.1433216,-85.54870299999999
12900 SOUTH 39TH STREET VICKSBURG MICHIGAN,42.1308555,-85.3832189
152 NORTH MAIN STREET 4 VICKSBURG MICHIGAN,42.1219019,-85.53205249999999
1016 ODELL LANE VICKSBURG MICHIGAN,42.1366317,-85.5514589
712 PARK AVENUE VICKSBURG MICHIGAN,42.11180780000001,-85.5363962
5200 EVERHARD  MICHIGAN,42.3355097,-85.5745663
7596 HAHN CIRCLE RAPID CITY MICHIGAN,44.8294565,-85.2799536
8377 WATER EDGE DRIVE COMSTOCK PARK MICHIGAN,43.1160755,-85.6420165
2324 SOUTH DIVISION AVENUE GRAND RAPIDS MICHIGAN,42.9214804,-85.6660136
980 KENDELWOOD STREET GRAND RAPIDS MICHIGAN,43.01871440000001,-85.64421709999999
1516 NORTHWEST ALPINE STREET GRAND RAPIDS MICHIGAN,42.9913144,-85.6880683
154 SOUTHWEST NATIONAL STREET GRAND RAPIDS MICHIGAN,42.9600968,-85.6859422
1354 NORTHEAST HOLLYWOOD STREET GRAND RAPIDS MICHIGAN,43.006912,-85.635323
105 NORTHWEST BROADWAY AVENUE GRAND RAPIDS MICHIGAN,42.9831418,-85.6789737
286 SOUTHWEST SWORD STREET GRAND RAPIDS MICHIGAN,42.846335,-85.66880350000001
626 SE CASS AVENUE GRAND RAPIDS MICHIGAN,42.950761,-85.662601
1502 NE WAKELY STREET GRAND RAPIDS MICHIGAN,42.9946547,-85.6325593
10755 WEST SIMPSON GREENVILLE MICHIGAN,43.161259,-85.33294099999999
4822 ARBOR LANE KENTWOOD MICHIGAN,42.8763587,-85.6487265
3694 SE BRETON ROAD KENTWOOD MICHIGAN,42.896502,-85.60678349999999
306 SE RIDGEWOOD STREET KENTWOOD MICHIGAN,42.881311,-85.65803420000002
6973 GOLDENROD ROCKFORD MICHIGAN,43.089854,-85.45429999999999
8896 COUNTRY VIEW DR NW SPARTA MICHIGAN,43.1236514,-85.7030726
4385 SOUTHWEST IDLEWOOD WYOMING MICHIGAN,42.8851275,-85.71444149999999
7216 S KIDD STRAVENUE BALDWIN MICHIGAN,43.8829608,-85.8150417
9314 48TH E ST CHASE MICHIGAN,43.9019352,-85.6159507
8934 DEERFIELD CIRCLE REED CITY MICHIGAN,43.9781168,-85.62387969999999
211 SARATOGA TRAIL LAPEER MICHIGAN,43.1277646,-83.30193489999999
219 SOUTH JACKSON STREET ADDISON MICHIGAN,41.9849914,-84.3452143
620 WINTER N ST ADRIAN MICHIGAN,41.9045762,-84.0341638
1661 WEST VALLEY ROAD ADRIAN MICHIGAN,41.9340465,-84.0199035
620 NORTH WINTER STREET ADRIAN MICHIGAN,41.9045762,-84.0341638
1004 NORTH BROAD STREET ADRIAN MICHIGAN,41.906363,-84.0285802
207 GROVE STREET 4 HUDSON MICHIGAN,41.8532666,-84.35891099999999
1050 PACKARD ROAD JASPER MICHIGAN,41.784019,-84.04286599999999
1050 PACKARD ROAD JASPER MICHIGAN,41.784019,-84.04286599999999
15670 WABASH ROAD MORENCI MICHIGAN,41.7227448,-84.3224524
4163 ROBB HIGHWAY PALMYRA MICHIGAN,41.8589808,-83.9405836
W590 Portage RD SAINT IGNACE MICHIGAN,45.8655457,-84.74534690000002
8415 TIMBERLINE DRIVE SHELBY MICHIGAN,42.672289,-83.0296601
42103 BETLEY ROAD STERLING HEIGHTS MICHIGAN,42.6035699,-83.0096755
24503 TALLMAN WARREN MICHIGAN,42.47431,-83.012181
9509 Norconk Road BEAR LAKE MICHIGAN,44.4519054,-86.10992689999999
711 RAMSDELL STREET MANISTEE MICHIGAN,44.2390943,-86.312292
188 12th St MANISTEE MICHIGAN,44.234965,-86.30870510000001
4186 MARY STREET WELLSTON MICHIGAN,44.1770044,-85.9342751
17132 6th St WELLSTON MICHIGAN,44.21704070000001,-85.9587641
214 TITAN STREET GWINN MICHIGAN,46.3275464,-87.3653178
322 QUAIL STREET GWINN MICHIGAN,46.32912899999999,-87.3612279
123 BIRCH STREET GWINN MICHIGAN,46.2799858,-87.443452
2104 NORTHWESTERN LAKE TRAIL GWINN MICHIGAN,46.2793396,-87.3198118
429 HIGH STREET ISHPEMING MICHIGAN,46.493744,-87.6658684
213 OAK STREET ISHPEMING MICHIGAN,46.4930971,-87.6717365
260 MARBLE STREET ISHPEMING MICHIGAN,46.4828272,-87.70152089999999
427 ROCK STREET 4 MARQUETTE MICHIGAN,46.540763,-87.4015704
6967 ABRAHAMSON LUDINGTON MICHIGAN,43.9814373,-86.454323
13401 215TH AVENUE BIG RAPIDS MICHIGAN,43.6623043,-85.513575
23759 NORTHLAND DRIVE PARIS MICHIGAN,43.8118061,-85.5029311
204 SOUTH SHERIDAN STREET REMUS MICHIGAN,43.5953781,-85.145651
N15965 MAIN STREET POWERS MICHIGAN,45.6927273,-87.5230694
W406 CASINO WILSON MICHIGAN,45.6525483,-87.34130859999999
4384 LEWIS ROAD COLEMAN MICHIGAN,43.7389314,-84.56620679999999
4045 NORTH GENEVA ROAD COLEMAN MICHIGAN,43.7289697,-84.54764879999999
5898 NORTH STURGEON ROAD MIDLAND MICHIGAN,43.78207829999999,-84.26635530000001
610 VILLAGE CIRCLE D MIDLAND MICHIGAN,43.6588159,-84.2201468
1397 W GORDONVILLE AVENUE MIDLAND MICHIGAN,43.56770969999999,-84.4242507
406 E. GROVE ST MIDLAND MICHIGAN,43.6140042,-84.23879099999999
15801 LINCOLN STREET CORAL MICHIGAN,43.3612164,-85.40040379999999
1006 S MINER ROAD CRYSTAL MICHIGAN,43.2782078,-84.8948691
8869 EASTERN AVENUE GREENVILLE MICHIGAN,43.1968477,-85.2502523
315 E Washington St GREENVILLE MICHIGAN,43.1772809,-85.24929829999999
8636 OTTAWA TRAIL HOWARD CITY MICHIGAN,43.4200191,-85.5073226
14085 W HOWARD CITY-EDMORE ROAD HOWARD CITY MICHIGAN,43.4328604,-85.36455780000001
8897 FERRIS BOULEVARD LAKEVIEW MICHIGAN,43.4211114,-85.19343049999999
6113 FULLER ST SHERIDAN MICHIGAN,43.2239887,-85.1948198
8282 LACE DR STANTON MICHIGAN,43.2951393,-85.2499909
323 EAST KLEES ROAD STANTON MICHIGAN,43.3075891,-85.07753439999999
345 MOON CT CASNOVIA MICHIGAN,43.2582375,-85.81373169999999
5842 DANC DRIVE DALTON MICHIGAN,43.362906,-86.2624624
11639 NICHOLS ROAD HOLTON MICHIGAN,43.4661116,-86.1956978
7364 BRICKYARD ROAD HOLTON MICHIGAN,43.38730169999999,-86.0591683
10037 Holton-duck Lake Rd HOLTON MICHIGAN,43.4350137,-86.07969729999999
1160 HARVEY MUSKEGON MICHIGAN,43.2311618,-86.2037574
1826 RAY MUSKEGON MICHIGAN,43.2190365,-86.2254265
1239 FLEMING MUSKEGON MICHIGAN,43.2247373,-86.2135174
1860 E ISBELLA MUSKEGON MICHIGAN,43.232596,-86.19761009999999
1030 Center STREET MUSKEGON MICHIGAN,43.2338277,-86.1892072
243 RUDDIMAN ROAD NORTH MUSKEGON MICHIGAN,43.2439313,-86.2995074
2917 BRUNSWICK NORTON SHORES MICHIGAN,43.19954860000001,-86.21781969999999
3120 SHEFFIELD NORTON SHORES MICHIGAN,43.1953577,-86.2617748
11696 NORTH BINGHAM AVENUE BITELY MICHIGAN,43.76540600000001,-85.85985099999999
7038 WEST 48TH FREMONT MICHIGAN,43.4666968,-85.9750584
2021 EAST 22 MILE ROAD KENT CITY MICHIGAN,43.293686,-85.75138299999999
6475 EAST 13TH STREET WHITE CLOUD MICHIGAN,43.53248,-85.640569
1388 E. WILCOX AVENUE WHITE CLOUD MICHIGAN,43.549985,-85.766999
803 E Townline Rd WHITE CLOUD MICHIGAN,43.5468672,-85.7812718
1482 EAST ELZA AVENUE HAZEL PARK MICHIGAN,42.451581,-83.088797
821 NORTH EDGEWORTH AVENUE ROYAL OAK MICHIGAN,42.4971918,-83.12029919999999
7990 WHITE ROAD HESPERIA MICHIGAN,43.5330784,-86.09538549999999
2909 LAKEVIEW DRIVE HESPERIA MICHIGAN,43.5894828,-86.1526052
8950 NEWFIELD DRIVE HESPERIA MICHIGAN,43.5667021,-86.05492869999999
765 JEFFERSON 17 EVART MICHIGAN,43.9101797,-85.2681834
19844 LOWRY STREET MARION MICHIGAN,44.0983327,-85.1373144
16201 21 MILE ROAD TUSTIN MICHIGAN,44.1168249,-85.4185202
440 SOUTH GERBER ROAD MIO MICHIGAN,44.6801028,-84.1479232
10069 LAKER LANE ALLENDALE MICHIGAN,42.9539373,-85.89276629999999
18118 88th Ave. COOPERSVILLE MICHIGAN,43.0999576,-86.00647889999999
505 30TH W D3 HOLLAND MICHIGAN,42.77072580000001,-86.1300333
791 EAST 16TH STREET C52 HOLLAND MICHIGAN,42.784841,-86.073617
92 EAST 21ST STREET LOWER HOLLAND MICHIGAN,42.7783267,-86.1029156
11877 WAVERLY MEADOW APT 80 HOLLAND MICHIGAN,42.82824919999999,-86.07536119999999
232 EAST 13TH STREET UPPER HOLLAND MICHIGAN,42.7856303,-86.096665
358 MAPLE AVE STREET 7 HOLLAND MICHIGAN,42.7840357,-86.1150844
11788 WAVERLY MEADOW HOLLAND MICHIGAN,42.8290573,-86.0732245
56 WEST 16TH STREET HOLLAND MICHIGAN,42.782733,-86.109842
9135 Green Oaks Trl WEST OLIVE MICHIGAN,42.9343985,-86.14034679999999
40 NORTH ELM STREET ZEELAND MICHIGAN,42.813486,-86.0168528
8553 HERON STREET ZEELAND MICHIGAN,42.82807529999999,-85.9932908
105 ALBONQUIAN PRUDENVILLE MICHIGAN,44.2990779,-84.66632709999999
121 16TH STREET PRUDENVILLE MICHIGAN,44.30025819999999,-84.6652938
12119 ROTTIERS STREET BIRCH RUN MICHIGAN,43.2484719,-83.78860019999999
122 NOTTOWA N ST PH   STURGIS MICHIGAN,41.8002281,-85.41895319999999
225 E MICHIGAN STREET PH   THREE RIVERS MICHIGAN,43.3771293,-84.6728917
3980 Walker Rd CARSONVILLE MICHIGAN,43.3833278,-82.6696691
3220 Moore St MARLETTE MICHIGAN,43.3240297,-83.07636029999999
105 JOHN STREET BOX 1&2 DURAND MICHIGAN,-37.8217342,145.1246705
105 W John Street DURAND MICHIGAN,42.9053259,-83.9852648
1274 LELAND ROAD OVID MICHIGAN,42.9804499,-84.3340739
524 CORUNNA AVENUE OWOSSO MICHIGAN,42.99118010000001,-84.1641401
1750 M-21 E HWY 18 OWOSSO MICHIGAN,42.9979681,-84.1350539
1836 KILBOURN AVE OWOSSO MICHIGAN,42.9888157,-84.1461356
523 EXCHANGE E ST OWOSSO MICHIGAN,42.9986972,-84.1637324
1101 LYNN ST OWOSSO MICHIGAN,42.9960683,-84.1852248
523 EXCHANGE N OWOSSO MICHIGAN,42.9986972,-84.1637324
1512 DEWEY W RD OWOSSO MICHIGAN,42.9689819,-84.1990807
1101 LYNN W ST OWOSSO MICHIGAN,42.9960683,-84.1852248
307 GENESEE W ST OWOSSO MICHIGAN,42.9955114,-84.1739278
916 MILWUAKEE STREET OWOSSO MICHIGAN,42.993565,-84.183202
1200 PENBROOK DRIVE OWOSSO MICHIGAN,42.9793384,-84.1875402
6110 MCBRIDE ROAD OWOSSO MICHIGAN,43.0064344,-84.2869116
915 FLETCHER STREET OWOSSO MICHIGAN,42.9922504,-84.1837542
425 HAMBLIN STREET OWOSSO MICHIGAN,42.9925721,-84.1639095
906 S SAGINAW STREET OWOSSO MICHIGAN,42.9885655,-84.1686319
721 N WASHINGTON STREET OWOSSO MICHIGAN,43.0052108,-84.17094159999999
9734 RIVER ROAD ALGONAC MICHIGAN,42.6381979,-82.51610110000001
9734 RIVER ROAD ALGONAC MICHIGAN,42.6381979,-82.51610110000001
5648 NORTH RO R    CLYDE MICHIGAN,43.0714311,-82.5280058
8418 SPARLING ROAD GOODELLS MICHIGAN,42.968205,-82.660899
9539 BEARD ROAD KENOCKEE TWP MICHIGAN,43.053649,-82.71502199999999
1014 CEDAR STREET PORT HURON MICHIGAN,42.9614445,-82.4329032
4253 LAPEER ROAD 19 PORT HURON TWP MICHIGAN,42.98076160000001,-82.49350439999999
1039 OAK STREET PORT HURON TWP MICHIGAN,42.9664101,-82.4340763
5279 GRISWOLD ROAD KIMBALL MICHIGAN,42.962975,-82.534291
2425 RANDOLPH STREET PORT HURON MICHIGAN,42.977694,-82.485154
1013 10TH STREET APT 2 PORT HURON MICHIGAN,42.97304949999999,-82.43309049999999
2705 ROBBINS COURT PORT HURON MICHIGAN,42.98354579999999,-82.4672497
2909 PEAVEY STREET PORT HURON MICHIGAN,42.9395574,-82.4578681
3635 WEST WATER STREET PORT HURON MICHIGAN,42.9948002,-82.4759201
1116 VARNEY STREET PORT HURON MICHIGAN,42.9792558,-82.4354798
1037 MINNIE STREET PORT HURON MICHIGAN,42.96454079999999,-82.4339325
1417 BANCROFT STREET PORT HURON MICHIGAN,42.9634698,-82.43985529999999
1311 10TH AVENUE PORT HURON MICHIGAN,42.9877319,-82.43422749999999
2726 STURGES STREET PORT HURON MICHIGAN,42.9382193,-82.455753
904 GRISWOLD STREET PORT HURON MICHIGAN,42.9670766,-82.4309111
815 COURT PORT HURON MICHIGAN,42.9718653,-82.42981449999999
1103 CEDAR STREET PORT HURON MICHIGAN,42.9617462,-82.4341264
4125 dove rd. PORT HURON MICHIGAN,42.9494619,-82.4892799
1751 N WADHAMS ROAD R   SAINT CLAIR MICHIGAN,42.85291000000001,-82.554035
1116 VARNEY STREET R   PORT HURON MICHIGAN,42.9792558,-82.4354798
1322 DIVISION R   PORT HURON MICHIGAN,42.9650961,-82.4378296
2010 FARRAND STREET R   PORT HURON MICHIGAN,42.9769108,-82.44827169999999
1400 block mcphearson st. PORT HURON MICHIGAN,42.9932346,-82.434223
60061 SHAFFER BROTHERS ROAD THREE RIVERS MICHIGAN,41.9306135,-85.7295465
64643 MAPLE LANE BURR OAK MICHIGAN,41.8601703,-85.318485
240 CLINTON STREET BURR OAK MICHIGAN,41.8435238,-85.3174574
6470 SYCAMORE DRIVE BURR OAK MICHIGAN,41.86043,-85.3171252
ROAD CENTREVILLE MICHIGAN,41.9239829,-85.54919509999999
20126 SOUTH RIVER ROAD CENTREVILLE MICHIGAN,41.9403732,-85.5633591
327 NORTH DEAN STREET 5 CENTREVILLE MICHIGAN,41.9266532,-85.5269957
33618 HOWARD ROAD COLON MICHIGAN,41.9386903,-85.29937129999999
708 EAST STATE STREET COLON MICHIGAN,41.9558662,-85.314984
10473 NORTH RIVER ROAD CONSTANTINE MICHIGAN,41.8134446,-85.7505177
14310 STEARS ROAD CONSTANTINE MICHIGAN,41.8238295,-85.6757044
14310 STEARS ROAD CONSTANTINE MICHIGAN,41.8238295,-85.6757044
64170 LUTZ ROAD CONSTANTINE MICHIGAN,41.8649988,-85.62383419999999
13029 RIVERSIDE DRIVE CONSTANTINE MICHIGAN,41.8177035,-85.70095599999999
66265 LUTZ ROAD CONSTANTINE MICHIGAN,41.82621520000001,-85.6233602
66265 LUTZ ROAD CONSTANTINE MICHIGAN,41.82621520000001,-85.6233602
54754 OLNEY ROAD LEONIDAS MICHIGAN,42.00180700000001,-85.3796698
53286 DAY ROAD MARCELLUS MICHIGAN,42.0200511,-85.7250085
52022 TONYA DRIVE MENDON MICHIGAN,42.0394117,-85.51193479999999
237 FIRST NOTTAWA MICHIGAN,41.9164866,-85.44796989999999
25039 US-12 UNIT 114 STURGIS MICHIGAN,41.7949415,-85.4663059
1035 CATO LN B3 STURGIS MICHIGAN,41.7883139,-85.4316157
306 JOHN STREET STURGIS MICHIGAN,41.7996062,-85.4223793
408 NORTH FOURTH STREET STURGIS MICHIGAN,41.8064452,-85.4152515
207 EAST HATCH STURGIS MICHIGAN,41.8038902,-85.4160266
305 JOHN STREET STURGIS MICHIGAN,41.8000233,-85.4221046
514 COTTAGE STREET STURGIS MICHIGAN,41.7935421,-85.41215299999999
68535 NORTH LAKEVIEW STURGIS MICHIGAN,41.82137669999999,-85.4090607
215 ELLERMAN STREET STURGIS MICHIGAN,41.8071176,-85.4229247
70360 SHIMMEL ROAD STURGIS MICHIGAN,41.7759833,-85.5059507
70074 CARLS ROAD STURGIS MICHIGAN,41.7804767,-85.350181
602 WENZEL STREET STURGIS MICHIGAN,41.7938713,-85.4271935
1002 GREENLAWN STREET STURGIS MICHIGAN,41.8131305,-85.4225981
207 SOUTH MAPLE STREET STURGIS MICHIGAN,41.7960044,-85.4159255
700 LANCHASHIRE DRIVE STURGIS MICHIGAN,41.8145519,-85.41128379999999
427 CENTER STREET STURGIS MICHIGAN,41.8082749,-85.4111686
302 GATEWAY COURT C STURGIS MICHIGAN,41.7890805,-85.4318424
65425 NORTH M-66 STURGIS MICHIGAN,41.84791389999999,-85.41416579999999
70710 CARLS ROAD STURGIS MICHIGAN,41.7712297,-85.35018629999999
401 NORTH STREET 4 STURGIS MICHIGAN,41.8023868,-85.4201934
209 NORTH MAPLE STREET STURGIS MICHIGAN,41.7999974,-85.4160801
207 NORTH PROSPECT 1 STURGIS MICHIGAN,41.8024201,-85.4135913
1025 CATO LANE A-1 STURGIS MICHIGAN,41.7884126,-85.4316181
701 ST.JOSEPH STREET STURGIS MICHIGAN,41.8022904,-85.4271519
302 PORTAGE AVENUE THREE RIVERS MICHIGAN,41.948659,-85.6322496
404 FIFTH STREET THREE RIVERS MICHIGAN,41.9398083,-85.62823329999999
652 SPRING STREET THREE RIVERS MICHIGAN,41.9351821,-85.63628849999999
515 HILL STREET THREE RIVERS MICHIGAN,41.9351966,-85.6395251
58554 KERR CREEK ROAD THREE RIVERS MICHIGAN,41.9464278,-85.6519555
810 SOUTH DOUGLAS THREE RIVERS MICHIGAN,41.9334676,-85.64213579999999
59823 CONSTANTINE ROAD THREE RIVERS MICHIGAN,41.9275883,-85.636184
506 MECHANIC THREE RIVERS MICHIGAN,41.9393207,-85.6279112
705 EIGHT STREET THREE RIVERS MICHIGAN,41.93599700000001,-85.625057
1020 8TH STREET THREE RIVERS MICHIGAN,41.932952,-85.6245299
321 SOUTH ERIE STREET 201 THREE RIVERS MICHIGAN,41.940908,-85.6444885
316 GARDEN STREET 4 THREE RIVERS MICHIGAN,41.94559630000001,-85.6245158
18278 HAMILTON DRIVE THREE RIVERS MICHIGAN,41.9362962,-85.60302519999999
810 8TH STREET THREE RIVERS MICHIGAN,41.9346481,-85.6245126
416 RIVER STREET THREE RIVERS MICHIGAN,41.9402253,-85.6286322
301 EAST STREET THREE RIVERS MICHIGAN,41.9486305,-85.6332145
200 SOUTH CONSTATINE THREE RIVERS MICHIGAN,41.9413563,-85.6369816
13708 HOFFMAN ROAD THREE RIVERS MICHIGAN,41.9626434,-85.6879901
58479 COUNTY LINE RD THREE RIVERS MICHIGAN,41.9478989,-85.7608051
334 WEST MAIN STREET THREE RIVERS MICHIGAN,41.9400048,-85.6296637
57901 PATTERSON LANE THREE RIVERS MICHIGAN,41.9570017,-85.60165409999999
13495 MOHNEY ROAD THREE RIVERS MICHIGAN,41.9752078,-85.6856852
57947 OAK PARK ROAD THREE RIVERS MICHIGAN,41.95659209999999,-85.5811281
68592 MANN ROAD WHITE PIGEON MICHIGAN,41.8018359,-85.74037709999999
21305 HIGHWAY 12 WHITE PIGEON MICHIGAN,41.7925531,-85.5396847
20023 US-12 WHITE PIGEON MICHIGAN,41.7925394,-85.56435189999999
214 SOUTH LINCOLN STREET WHITE PIGEON MICHIGAN,41.7958576,-85.6398093
68571 MANN ROAD WHITE PIGEON MICHIGAN,41.8022279,-85.74037609999999
15730 INDIAN PRAIRIE ROAD WHITE PIGEON MICHIGAN,41.7802566,-85.6488954
107 EAST HOTCHIN STREET WHITE PIGEON MICHIGAN,41.7959086,-85.6420741
67960 CROOKED CREEK ROAD WHITE PIGEON MICHIGAN,41.8102743,-85.5567282
67960 CROOKED CREEK ROAD WHITE PIGEON MICHIGAN,41.8102743,-85.5567282
21895 US-12 WHITE PIGEON MICHIGAN,41.7925808,-85.529837
306 SOUTH ELKHART STREET WHITE PIGEON MICHIGAN,41.7951665,-85.64829019999999
1494 S RINGLE ROAD CARO MICHIGAN,43.4666119,-83.5230273
2139 E OHMER MAYVILLE MICHIGAN,43.3371411,-83.3326389
38872 52 ND ST BANGOR MICHIGAN,42.2771802,-86.0544412
38872 52ND STREET BANGOR MICHIGAN,42.2771802,-86.0544412
52911 38TH AVENUE BANGOR MICHIGAN,42.2791844,-86.06088910000001
62769 WALNUT STREET BANGOR MICHIGAN,42.2644538,-86.1555607
29876 61ST STREET BANGOR MICHIGAN,42.3093825,-86.13609950000001
44264 24TH AVE BLOOMINGDALE MICHIGAN,42.332206,-85.97924479999999
42426 15TH AVE BLOOMINGDALE MICHIGAN,42.3657221,-85.961319
20331 41 STREET BLOOMINGDALE MICHIGAN,42.3453517,-85.94454809999999
38039 20TH AVENUE BLOOMINGDALE MICHIGAN,42.3461609,-85.91883159999999
37373 COUNTY ROAD 390 BLOOMINGDALE MICHIGAN,42.402945,-85.91277219999999
49908 18th AVE BREEDSVILLE MICHIGAN,42.3537727,-86.0638384
55533 6TH AVE. BREEDSVILLE MICHIGAN,43.086405,-83.80890529999999
76721 30TH AVE COVERT MICHIGAN,42.3074997,-86.2894436
46696 72ND STREET COVERT MICHIGAN,42.2474867,-86.2414515
76544 CO RD 378 COVERT MICHIGAN,42.3030759,-86.287572
82560 M 51 HWY DECATUR MICHIGAN,42.1184307,-85.96576449999999
107 NORTH JOHN STREET DECATUR MICHIGAN,42.10721179999999,-85.9793797
311 HILL STREET DECATUR MICHIGAN,42.108186,-85.981821
304 PINE STREET DECATUR MICHIGAN,42.10998620000001,-85.9824652
39563 BURGESS ROAD DECATUR MICHIGAN,42.1277201,-85.9318038
56630 89TH AVENUE LOT 34 DECATUR MICHIGAN,42.09675230000001,-86.09552300000001
80545 39TH STREET DECATUR MICHIGAN,42.1255347,-85.92583859999999
37555 82ND AVENUE DECATUR MICHIGAN,42.11982260000001,-85.9119623
410 PAW PAW STREET DECATUR MICHIGAN,42.1110037,-85.9642777
305 S PHELPS STREET DECATUR MICHIGAN,42.1060823,-85.9715823
604 S george STREET DECATUR MICHIGAN,42.1044305,-85.9668884
50550 County Road 352 DECATUR MICHIGAN,42.1237411,-86.03814129999999
216 W Sherwood St DECATUR MICHIGAN,42.1060502,-85.97773749999999
36153 6TH AVE GOBLES MICHIGAN,42.3953862,-85.9003737
29932 COUNTY ROAD 388 GOBLES MICHIGAN,42.3619624,-85.8428388
36100 6TH AVE GOBLES MICHIGAN,42.3971726,-85.8995013
20717 CO RD 653 GOBLES MICHIGAN,42.3439653,-85.8042086
13622 CR 653 GOBLES MICHIGAN,42.3694747,-85.8251689
34162 HOMEWOOD DR GOBLES MICHIGAN,42.3438563,-85.88062339999999
27793 20TH AVE GOBLES MICHIGAN,42.3465929,-85.8211558
101 COTTAGE STREET 1 GOBLES MICHIGAN,42.3607501,-85.87982749999999
25113 12TH AVENUE GOBLES MICHIGAN,42.3749468,-85.7952997
16308 27TH STREET GOBLES MICHIGAN,42.3599744,-85.8145353
13446 32ND STREET GOBLES MICHIGAN,42.3700653,-85.8631697
30251 10TH AVENUE GOBLES MICHIGAN,42.3802268,-85.8451384
49908 18TH AVE GRAND JUNCTION MICHIGAN,42.3539571,-86.0328327
16308 5O 1/2 ST GRAND JUNCTION MICHIGAN,42.359944,-86.04089719999999
18444 55TH STREET GRAND JUNCTION MICHIGAN,42.3519476,-86.0832925
02837 48 1/2 STREET GRAND JUNCTION MICHIGAN,42.4098154,-86.0165087
60854 61ST AVE HARTFORD MICHIGAN,42.1941747,-86.1410111
118 MICHIGAN HARTFORD MICHIGAN,42.2080172,-86.1697816
69691 RED ARROW HIGHWAY HARTFORD MICHIGAN,42.2023986,-86.20976619999999
55214 COUNTRY ROAD 687 HARTFORD MICHIGAN,42.2178366,-86.1675378
109 FRANKLIN STREET HARTFORD MICHIGAN,42.2049375,-86.1696954
127 MICHIGAN AVENUE HARTFORD MICHIGAN,42.2083868,-86.1702711
84267 COUNTRY 687 ROAD HARTFORD MICHIGAN,42.113529,-86.165961
59642 60TH STREET HARTFORD MICHIGAN,42.2020242,-86.12879559999999
64533 TERRITORIAL ROAD HARTFORD MICHIGAN,42.11175619999999,-86.169382
302 SPAULDING STREET HARTFORD MICHIGAN,42.20367770000001,-86.16197509999999
59810 65TH STREET HARTFORD MICHIGAN,42.20189329999999,-86.17567609999999
40 MARION AVENUE HARTFORD MICHIGAN,42.2078139,-86.1742281
62064 66TH AVENUE HARTFORD MICHIGAN,42.1798305,-86.14775
322 ELMWOOD STREET HARTFORD MICHIGAN,42.2026301,-86.1730794
65645 GRIDLEY ROAD HARTFORD MICHIGAN,42.2051098,-86.18421280000001
16750 27TH ST KENDALL MICHIGAN,42.3582032,-85.81490749999999
51241 72ND. AVE LAWRENCE MICHIGAN,42.1556684,-86.0423642
422 ST. JOSEPH W ST LAWRENCE MICHIGAN,42.2193146,-86.0561393
599 PAW PAW STREET 2C LAWRENCE MICHIGAN,42.21342370000001,-86.0493181
51241 72ND AVENUE LAWRENCE MICHIGAN,42.1556684,-86.0423642
50663 RED ARROW HIGHWAY APT 1 LAWRENCE MICHIGAN,42.2179762,-86.0385885
33410 88TH AVE LAWTON MICHIGAN,42.0985632,-85.87249109999999
31374 64TH AVE LAWTON MICHIGAN,42.1867822,-85.8560581
913 CEMETARY DR LAWTON MICHIGAN,42.1730499,-85.8381892
75910 MARIE DRIVE LAWTON MICHIGAN,42.1422355,-85.7776193
34321 C.R. 669 LAWTON MICHIGAN,42.1302203,-85.8803966
209 FREMONT STREET LAWTON MICHIGAN,42.1664963,-85.84340030000001
66522 32ND STREET LAWTON MICHIGAN,42.1768598,-85.8621977
66060 29TH STREET LAWTON MICHIGAN,42.1786863,-85.8311745
23715 COUNTY 374 ROAD 10 LAWTON MICHIGAN,42.2264557,-85.5929144
305 EAST MAIN STREET LAWTON MICHIGAN,42.1649849,-85.8484964
31235 62ND AVENUE LAWTON MICHIGAN,42.1931431,-85.8546006
210 Morrill STREET LAWTON MICHIGAN,42.1617332,-85.84639659999999
603 E 2nd St LAWTON MICHIGAN,42.1689345,-85.8432218
27802 County Road 364 MATTAWAN MICHIGAN,42.2087328,-85.8214788
25350 60TH AVENUE MATTAWAN MICHIGAN,42.2013555,-85.79767269999999
24500 WEST MCGILLEN AVENUE G3 MATTAWAN MICHIGAN,42.2157342,-85.7911501
24054 M-43 HIGHWAY 27 MATTAWAN MICHIGAN,42.2954209,-85.7847505
56289 MURRAY STREET LOT 23 MATTAWAN MICHIGAN,42.2126314,-85.7882873
56289 CARPENTER STREET MATTAWAN MICHIGAN,42.2124039,-85.78769779999999
22327 WOODHENGE DRIVE MATTAWAN MICHIGAN,42.2436504,-85.7692749
63908 COUNTRY 652 ROAD MATTAWAN MICHIGAN,42.18660089999999,-85.78556549999999
312 VAN BUREN N ST PAW PAW MICHIGAN,42.2198064,-85.8839967
608 MICHIGAN W AVE PAW PAW MICHIGAN,42.2165188,-85.9051739
51730 35 1/2 ST PAW PAW MICHIGAN,42.230812,-85.8936757
207 WILLARD ST 1 PAW PAW MICHIGAN,42.220339,-85.89810080000001
51730 35 1/2 ST PAW PAW MICHIGAN,42.230812,-85.8936757
206 GREMPS S PAW PAW MICHIGAN,42.2163969,-85.8933143
38622 47TH AVE PAW PAW MICHIGAN,42.24812790000001,-85.9239525
46882 38TH AVE PAW PAW MICHIGAN,42.2808944,-85.9017188
42439 35TH STREET PAW PAW MICHIGAN,42.2614506,-85.88760649999999
43141 EAGLE LAKE DRIVE PAW PAW MICHIGAN,42.1667172,-85.9668243
1012 SOUTH LAGRAVE STREET PAW PAW MICHIGAN,42.2042706,-85.8773101
308 EAST BERRIEN STREET PAW PAW MICHIGAN,42.2145551,-85.88878460000001
60920 40TH STREET PAW    PAW MICHIGAN,42.1974966,-85.9387757
1012 SOUTH LAGRAVE STREET 32 PAW    PAW MICHIGAN,42.2042706,-85.8773101
61319 40TH STREET PAW    PAW MICHIGAN,42.196926,-85.93634469999999
29384 COUNTY ROAD 665 PAW    PAW MICHIGAN,42.3121379,-85.95883859999999
38741 PAW PAW ROAD PAW    PAW MICHIGAN,42.1906815,-85.9246579
810 EAST ST JOSEPH STREET 1B PAW    PAW MICHIGAN,42.2149823,-85.8798908
38830 PAW PAW ROAD PAW    PAW MICHIGAN,42.1909532,-85.925337
41474 56TH AVENUE PAW PAW MICHIGAN,42.2151992,-85.95145190000001
31235 62ND AVENUE PAW PAW MICHIGAN,42.1931431,-85.8546006
42238 35TH STREET PAW PAW MICHIGAN,42.2657934,-85.888919
38674 PAW PAW ROAD PAW PAW MICHIGAN,42.1919194,-85.923967
3864 PAW PAW ROAD PAW PAW MICHIGAN,42.1844878,-85.9407334
517 ELM PAW PAW MICHIGAN,42.2193792,-85.8845556
36715 COUNTY RD 653 PAW PAW MICHIGAN,42.28520719999999,-85.8266498
1012 S LAGRAVE PAW PAW MICHIGAN,42.2042706,-85.8773101
33555 56TH AVENUE PAW PAW MICHIGAN,42.2148875,-85.8773666
46841 ANTHONY STREET PAW PAW MICHIGAN,42.2487967,-85.8605728
76648 11TH AVE SOUTH HAVEN MICHIGAN,42.3791945,-86.2899822
201 73RD STREET SOUTH HAVEN MICHIGAN,42.4063012,-86.2474173
546 HUMPHREY STREET SOUTH HAVEN MICHIGAN,42.3930335,-86.27166199999999
69478 66TH AVENUE WATERVLIET MICHIGAN,42.1796409,-86.2197633
314 S WASHINGTON STREET MANCHESTER MICHIGAN,42.1450346,-84.0395214
13340 LINDSLEY ROAD SALINE MICHIGAN,42.089835,-83.874438
752 Oswego Ave YPSILANTI MICHIGAN,42.2332803,-83.57014269999999
9367 WARD STREET DETROIT MICHIGAN,42.36473300000001,-83.173024
6344 SOUTH 27 ROAD CADILLAC MICHIGAN,44.24670709999999,-85.5583889
214 HOWARD STREET CADILLAC MICHIGAN,44.247063,-85.3947414
430 JAN MARIE STREET CADILLAC MICHIGAN,44.2501688,-85.4374709
307 WEST STREET MANTON MICHIGAN,44.4134071,-85.40273909999999
8270 E 18 .5 ROAD MANTON MICHIGAN,44.4057143,-85.39752960000001
